,Region,Year,male_pop1549,male_pop1559,ExcessByAge,TotalExcess_15_49,TotalExcess_15_59,ex_per100k_1549,ex_per100k_1559,total,drafted,pmc,volunteers,prisoners,contract,slavic,non_slavic,Drafted_pc,Total_pc,Volunteers_pc,Prisoners_pc,Contract_pc,PMC_pc,slavic_pc,non_slavic_pc,Excessive Marriages,ex_nup_per100k,% Russians,population,urban_share,disability_per10k,uneployment,median_income,consumption,av_income,share_poverty
0,Алтайский край,2022,584819.0,466463.0,"[np.float64(-1.271708683472525), np.float64(31.576520201478672), np.float64(39.46949605494706), np.float64(73.07155048955332), np.float64(135.25037915704098), np.float64(40.64246268644263), np.float64(-155.48438444752162), np.float64(-146.53805032868217), np.float64(95.22891997497595)]",163.2543154584685,111.94518510476229,27.915357650566843,23.998727681458615,400.0,0.0,14.0,33.0,8.0,291.0,376.0,24.0,0.0,683.9723059613316,5.6427715241809855,1.3679446119226633,49.75898525868687,2.3939030708646607,64.29339676036517,4.10383383576799,2007.6000000000001,343.2857003619923,95.45,2154900.0,0.5823936145528794,63.2,3.7,24037.0,25062.0,31145.0,15.4
1,Алтайский край,2023,576369.0,460639.0,"[np.float64(2.1095658263308223), np.float64(36.495800021434434), np.float64(52.21144176568191), np.float64(93.87538881688857), np.float64(164.69068596121878), np.float64(31.355825036985607), np.float64(-162.6119604489404), np.float64(-164.30390019367314), np.float64(117.21832996244711)]",218.12674697959972,171.0411767483737,37.844982464289316,37.13128431339372,677.0,80.0,40.0,120.0,218.0,51.0,631.0,46.0,13.879997015800642,1174.5947474621291,20.81999552370096,37.82299186805675,8.848498097572909,6.939998507900321,109.47847646212757,7.980998284085369,2007.6000000000001,348.31852511151715,95.45,2154900.0,0.5823936145528794,63.2,3.7,24037.0,25062.0,31145.0,15.4
2,Амурская область,2022,228799.0,187638.0,"[np.float64(-40.28679738562198), np.float64(-1.7303030303029914), np.float64(36.42423139918333), np.float64(50.53533026113581), np.float64(45.401754892279314), np.float64(138.96581920362496), np.float64(-2.412838359113948), np.float64(-66.07246192200921), np.float64(14.027058393733341)]",226.8971969811845,174.85179345290862,99.16878875396505,93.18570516255163,100.0,0.0,5.0,25.0,0.0,67.0,91.0,9.0,0.0,437.0648473113956,10.92662118278489,0.0,29.283344769863504,2.185324236556978,39.772901105337,3.9335836258025605,1890.4,826.2273873574622,95.17,763600.0,0.6816396018858041,39.5,4.2,34565.7,35974.0,44900.0,13.3
3,Амурская область,2023,226425.0,185337.0,"[np.float64(-45.43882352941273), np.float64(1.8147186147187995), np.float64(45.58969589365188), np.float64(66.26440092165677), np.float64(59.144801397431365), np.float64(160.16153015934105), np.float64(5.331521267162259), np.float64(-77.31554993339574), np.float64(7.366872416575461)]",292.8678447245494,222.91916720772912,129.34430593995776,120.27774659551473,282.0,37.0,0.0,57.0,87.0,55.0,267.0,15.0,16.340951750027603,1245.4455117588604,25.173898641934414,38.42331897979464,24.290603952743734,0.0,117.91984100695595,6.624710168930109,1890.4,834.890140223032,95.17,763600.0,0.6816396018858041,39.5,4.2,34565.7,35974.0,44900.0,13.3
4,Архангельская область без АО,2022,276243.0,219392.0,"[np.float64(-47.066096256685796), np.float64(33.84784313725322), np.float64(42.95572649572637), np.float64(-3.515156836281676), np.float64(-129.75756019261644), np.float64(90.80259615982027), np.float64(100.21090552284693), np.float64(-34.75739741468283), np.float64(-442.272718729635)]",87.47825803006288,-389.55185811425497,31.66714017371042,-177.55973696135456,168.0,15.0,0.0,26.0,53.0,52.0,160.0,8.0,5.430001846200628,608.1602067744703,9.412003200081088,19.18600652324222,18.824006400162176,0.0,57.92001969280669,2.8960009846403345,684.1999999999999,247.68048421136461,97.44,974600.0,0.776010671044531,-77777777.0,5.5,34653.5,38454.0,45975.0,10.9
5,Архангельская область без АО,2023,272674.0,216763.0,"[np.float64(-52.527860962567274), np.float64(46.77689075630019), np.float64(49.668803418803236), np.float64(-2.1434792744180413), np.float64(-145.15773140716738), np.float64(96.83011184987191), np.float64(117.7183067003067), np.float64(-39.85035134422196), np.float64(-497.1584441586847)]",111.16504108112935,-425.8437544217773,40.76847850588224,-196.45592394540458,464.0,97.0,23.0,75.0,153.0,45.0,449.0,15.0,35.57361537953747,1701.6657253716894,27.505372716137217,56.11096034091993,16.50322362968233,8.43498096628208,164.66549799394147,5.5010745432274435,684.1999999999999,250.92234683174777,97.44,974600.0,0.776010671044531,-77777777.0,5.5,34653.5,38454.0,45975.0,10.9
6,Астраханская область,2022,273148.0,218395.0,"[np.float64(5.561904761904657), np.float64(-5.413043478260789), np.float64(31.25230769230791), np.float64(25.907295729769487), np.float64(27.45411467485428), np.float64(50.69974452543397), np.float64(-31.553029624349108), np.float64(68.16177019431251), np.float64(64.69323121468176)]",103.90929428166041,236.76429569065468,38.041389386581784,108.41104223569893,134.0,0.0,0.0,23.0,44.0,52.0,72.0,62.0,0.0,490.5765372618507,8.42034355001684,16.108483313075695,19.03729846090764,0.0,26.3593363304875,22.698317395697572,172.79999999999995,63.26240719316999,67.1,957800.0,0.642931718521612,42.1,7.0,25038.0,26164.0,31119.0,13.8
7,Астраханская область,2023,270504.0,216469.0,"[np.float64(4.877380952380861), np.float64(-5.741304347825974), np.float64(35.61384615384634), np.float64(23.795786543876744), np.float64(35.151770724546395), np.float64(62.68762218706297), np.float64(-32.028340316780884), np.float64(79.29801330197114), np.float64(70.32706866306034)]",124.35676189710645,273.9818438621379,45.97224510436313,126.56862823874914,401.0,58.0,6.0,83.0,133.0,82.0,235.0,166.0,21.441457427616598,1482.4180049093545,30.683464939520306,49.167479963327715,30.313784639044155,2.218081802856889,86.87487061189483,61.36692987904061,172.79999999999995,63.8807559222784,67.1,957800.0,0.642931718521612,42.1,7.0,25038.0,26164.0,31119.0,13.8
8,Белгородская область,2022,442249.0,348846.0,"[np.float64(3.5619291819291448), np.float64(29.635833333332585), np.float64(84.6987240829344), np.float64(54.32539186970308), np.float64(122.72879863073058), np.float64(141.54862978100482), np.float64(-87.03442221079547), np.float64(-35.7956824767067), np.float64(200.8688843731502)]",349.46488466883915,514.5380865652826,79.01993778817796,147.49720121924364,271.0,45.0,27.0,36.0,33.0,81.0,255.0,16.0,10.175263256672146,612.7769650129226,8.140210605337717,7.461859721559574,18.315473862009863,6.105157954003287,57.65982512114217,3.6178713801500963,1182.4,267.3606949930921,95.29,1536500.0,0.6530426293524243,51.4,3.7,32811.0,32092.0,41022.0,6.1
9,Белгородская область,2023,433216.0,342125.0,"[np.float64(4.0492796092795516), np.float64(35.919166666666115), np.float64(96.1103468899521), np.float64(57.067893478454636), np.float64(150.27703801875305), np.float64(171.98441209745852), np.float64(-100.37962701579931), np.float64(-35.38176316573026), np.float64(229.3914733267054)]",415.0285097447646,609.0382199057398,95.80175010728242,178.0162864174614,431.0,84.0,26.0,112.0,51.0,42.0,412.0,19.0,19.389865563598757,994.8847687989363,25.853154084798348,11.772418377899248,9.694932781799379,6.001625055399616,95.10267395479391,4.3858029250997195,1182.4,272.93544098094253,95.29,1536500.0,0.6530426293524243,51.4,3.7,32811.0,32092.0,41022.0,6.1
10,Брянская область,2022,332944.0,259151.0,"[np.float64(0.8692063492065074), np.float64(9.415531135531637), np.float64(-19.760037440036967), np.float64(57.77404761904563), np.float64(208.62561065252294), np.float64(13.012607729994329), np.float64(-12.267243138682545), np.float64(-7.996347976517768), np.float64(-171.51507688283755)]",257.6697229075815,78.15829804822619,77.39130992226364,30.159365793775127,236.0,23.0,11.0,31.0,52.0,106.0,228.0,8.0,6.908068624153011,708.8279110000481,9.310875102119274,15.618242106780722,31.837185833053006,3.3038589072036135,68.47998462203854,2.402806477966265,542.8,163.03041953001105,95.87,1164699.9999999998,0.6951146217910192,57.6,3.2,28677.8,30320.0,35722.0,12.0
11,Брянская область,2023,328293.0,255985.0,"[np.float64(1.6636507936509588), np.float64(13.073113553114581), np.float64(-24.477266877266175), np.float64(72.24071428571324), np.float64(242.6756478688685), np.float64(22.18774261451324), np.float64(-11.675839509573734), np.float64(-4.792055748923303), np.float64(-193.98454810963426)]",315.6877627290206,116.91115887046305,96.16036976999833,45.67109747464229,390.0,79.0,7.0,46.0,128.0,62.0,376.0,14.0,24.063869774865747,1187.9631914174229,14.011873539795245,38.98956115421285,18.88556868407185,2.1322416256210155,114.53183589050025,4.264483251242031,542.8,165.34010776958385,95.87,1164699.9999999998,0.6951146217910192,57.6,3.2,28677.8,30320.0,35722.0,12.0
12,Владимирская область,2022,381110.0,301157.0,"[np.float64(18.882352941175554), np.float64(-8.84615384615384), np.float64(95.15726817042105), np.float64(-33.55247757073863), np.float64(-72.0887708056888), np.float64(58.64662484002679), np.float64(-87.31112834305395), np.float64(21.486364464545545), np.float64(-7.598394627259495)]",-29.112284614011827,-15.224314776725777,-7.638814151822788,-5.055275081344872,205.0,8.0,8.0,28.0,52.0,94.0,194.0,11.0,2.0991314843483506,537.9024428642649,7.3469601952192285,13.644354648264281,24.664794941093124,2.0991314843483506,50.903938495447505,2.8863057909789824,856.0,224.60706882527353,95.76,1342200.0,0.7761138429444197,53.1,2.6,27587.1,26020.0,32321.0,10.4
13,Владимирская область,2023,374987.0,296691.0,"[np.float64(22.77658371040593), np.float64(-9.138461538461542), np.float64(108.75510892615989), np.float64(-34.73947550034518), np.float64(-79.32440001404677), np.float64(68.35771877579407), np.float64(-94.6762659172714), np.float64(24.98340000238329), np.float64(-16.22810338454451)]",-17.989191557764997,-9.233894939926216,-4.797284054584558,-3.112293578142315,283.0,66.0,16.0,61.0,59.0,29.0,269.0,14.0,17.600610154485356,754.6928293514176,16.267230597327377,15.733878774464182,7.733601431516292,4.266814582905541,71.7358201750994,3.733462760042348,856.0,228.27458018544644,95.76,1342200.0,0.7761138429444197,53.1,2.6,27587.1,26020.0,32321.0,10.4
14,Волгоградская область,2022,736935.0,581345.0,"[np.float64(-8.921341991342217), np.float64(-71.19393939394286), np.float64(79.27585125448161), np.float64(225.31952569141288), np.float64(55.9689672698334), np.float64(58.672888224919575), np.float64(80.05148436741956), np.float64(-52.214003190029985), np.float64(-30.664407171357198)]",419.17343542278195,336.29502506139477,56.88065235370581,57.8477539260499,464.0,30.0,15.0,43.0,132.0,206.0,403.0,61.0,4.070915345315394,629.6349067421144,5.834978661618732,17.912027519387735,27.95361870449904,2.035457672657697,54.685962805403456,8.277527868807969,1651.0,224.03604117052387,92.52,2492800.0,0.7747111681643132,38.4,3.5,26263.8,26225.0,31309.0,9.6
15,Волгоградская область,2023,728325.0,574113.0,"[np.float64(-7.978701298701367), np.float64(-78.36363636363967), np.float64(93.20842293907333), np.float64(260.64470558021867), np.float64(64.89991302295033), np.float64(58.99606000622475), np.float64(98.83624570727625), np.float64(-54.08783142525533), np.float64(-37.549398307623505)]",490.2430095934023,398.60577986052346,67.31102318242574,69.42984740992165,816.0,182.0,40.0,112.0,261.0,82.0,714.0,102.0,24.9888442659527,1120.378951704253,15.377750317509355,35.83565029348162,11.258710053890777,5.492053684824769,98.03315827412213,14.004736896303163,1651.0,226.68451584114231,92.52,2492800.0,0.7747111681643132,38.4,3.5,26263.8,26225.0,31309.0,9.6
16,Вологодская область,2022,319318.0,253455.0,"[np.float64(0.5666666666668334), np.float64(-1.0851325145442274), np.float64(59.93184109699587), np.float64(58.203113524083676), np.float64(-6.6354343033697205), np.float64(-9.925836789455104), np.float64(45.22368118387817), np.float64(36.64374710414381), np.float64(-200.34771368702945)]",146.2788988642555,-17.425067718630146,45.80978800576713,-6.875014388601585,58.0,7.0,0.0,15.0,7.0,21.0,52.0,6.0,2.192172066717191,181.6371140994244,4.697511571536838,2.192172066717191,6.576516200151573,0.0,16.284706781327706,1.879004628614735,774.6,242.5794975541623,96.71,1138400.0,0.7247013352073084,52.7,3.4,29350.0,27089.0,35444.0,11.0
17,Вологодская область,2023,315399.0,251095.0,"[np.float64(1.7033333333334042), np.float64(-0.3828959276017372), np.float64(69.81231094979012), np.float64(67.06909592877605), np.float64(-14.51832075673883), np.float64(-12.74519511964479), np.float64(52.02296765539461), np.float64(48.47220500635353), np.float64(-232.7662937300886)]",162.96129606330882,-21.332792660426236,51.66829827085971,-8.495905000269314,464.0,70.0,12.0,89.0,176.0,55.0,440.0,24.0,22.194109683290055,1471.1524132923694,28.2182251687545,55.80233291798642,17.438229036870755,3.8047045171354377,139.50583229496604,7.609409034270875,774.6,245.59367658109252,96.71,1138400.0,0.7247013352073084,52.7,3.4,29350.0,27089.0,35444.0,11.0
18,Воронежская область,2022,662380.0,522804.0,"[np.float64(32.51168321874184), np.float64(-15.402845849802304), np.float64(89.21859697679338), np.float64(-71.35555887962494), np.float64(-82.7200343659888), np.float64(118.80858691466273), np.float64(-184.5810886466735), np.float64(-152.5585143836213), np.float64(-11.785017870339288)]",-113.52066063189159,-277.86419288585216,-17.13829835319478,-53.1488268807913,363.0,51.0,23.0,22.0,32.0,137.0,346.0,17.0,7.699507835381503,548.0237929889188,3.321356321144962,4.831063739847218,20.6829916362209,3.4723270630151872,52.23587668709805,2.5665026117938345,1370.8,206.95069295570516,95.64,2302600.0,0.6850951098757926,61.9,3.5,30806.9,33735.0,39319.0,7.2
19,Воронежская область,2023,652320.0,515658.0,"[np.float64(37.664940157880665), np.float64(-15.082687747035578), np.float64(112.20236321055495), np.float64(-74.53951966315242), np.float64(-81.6084387826196), np.float64(143.58853775679222), np.float64(-191.01026389976926), np.float64(-152.74263740510833), np.float64(-9.372069893668595)]",-68.78506896734902,-230.89977626612594,-10.544681899581343,-44.7776968971927,496.0,68.0,8.0,130.0,113.0,63.0,474.0,22.0,10.424331616384597,760.3630120186411,19.92886926661761,17.322786362521462,9.657836644591612,1.226391954868776,72.66372332597498,3.3725778758891343,1370.8,210.14226146676478,95.64,2302600.0,0.6850951098757926,61.9,3.5,30806.9,33735.0,39319.0,7.2
20,Москва,2022,3775904.0,3010526.0,"[np.float64(25.259012520580654), np.float64(178.0375748333372), np.float64(198.15629835621792), np.float64(201.2411321117554), np.float64(742.8376177532036), np.float64(249.57767480137682), np.float64(141.99565888044526), np.float64(78.45817077340598), np.float64(-351.073043223867)]",1737.1049692569168,1464.4900968064558,46.00500884707124,48.645655171437014,223.0,32.0,32.0,35.0,39.0,60.0,206.0,17.0,0.8474791731993185,59.05870488232752,0.9269303456867548,1.0328652423366695,1.5890234497487223,0.8474791731993185,5.455647177470614,0.45022331076213806,9116.600000000002,241.44151969965347,90.21,13015100.0,1.0,34.2,2.2,73458.6,65722.0,95465.0,5.0
21,Москва,2023,3764665.0,2994816.0,"[np.float64(27.672505456216356), np.float64(193.91904884285577), np.float64(222.47584902680046), np.float64(244.48480279581963), np.float64(869.8206594396167), np.float64(308.05049456910456), np.float64(174.06700394196105), np.float64(69.50099095383712), np.float64(-402.5493968465835)]",2040.4903640723746,1707.4419581796283,54.201113885893555,57.01325083676687,647.0,131.0,23.0,138.0,77.0,58.0,592.0,55.0,3.479725287641795,171.8612413056673,3.6656648068287616,2.045334711056628,1.5406417304062912,0.6109441344714603,15.725170765526283,1.4609533650404485,9116.600000000002,242.16231723141374,90.21,13015100.0,1.0,34.2,2.2,73458.6,65722.0,95465.0,5.0
22,Санкт-Петербург,2022,1657563.0,1329612.0,"[np.float64(-38.34516129032443), np.float64(-14.8041602500696), np.float64(-34.140414275990054), np.float64(46.40425415367122), np.float64(179.04372091174355), np.float64(-141.52450665773313), np.float64(-215.12598866113126), np.float64(-296.92892003431984), np.float64(-144.05461877357857)]",-218.4922560698337,-659.4757948777321,-13.181535547658441,-49.59911574788225,172.0,20.0,14.0,30.0,27.0,47.0,158.0,14.0,1.2065906393904786,103.76679498758118,1.809885959085718,1.6288973631771462,2.835488002567625,0.8446134475733351,9.532066051184781,0.8446134475733351,3449.3999999999996,208.1006875756758,90.63,5607900.0,1.0,32.9,1.8,50215.5,48134.0,63495.0,4.5
23,Санкт-Петербург,2023,1638251.0,1308865.0,"[np.float64(-45.09516129032289), np.float64(-19.922690309002604), np.float64(-31.965185127556992), np.float64(62.936872293399745), np.float64(226.9639894035996), np.float64(-163.69342651827083), np.float64(-230.81512125744757), np.float64(-336.25476109153306), np.float64(-163.05109658883066)]",-201.59072280560153,-700.8965804859653,-12.30524033286728,-53.549952094827596,556.0,59.0,29.0,133.0,93.0,71.0,510.0,46.0,3.601401738805592,339.38633335184903,8.118414089171928,5.676785791676611,4.333890228054187,1.7701805156841046,31.130760793065285,2.8078725421196142,3449.3999999999996,210.55381623450862,90.63,5607900.0,1.0,32.9,1.8,50215.5,48134.0,63495.0,4.5
24,Севастополь,2022,168467.0,136002.0,"[np.float64(2.1200000000003456), np.float64(10.074285714285736), np.float64(-78.72797385620902), np.float64(-19.252795001100992), np.float64(-11.588051948051543), np.float64(-96.91495160898194), np.float64(-7.7578923899758365), np.float64(-2.2424928496166103), np.float64(27.984624041628877)]",-202.04737909003325,-176.30524789802098,-119.93291213711484,-129.6343053028786,121.0,2.0,6.0,8.0,21.0,75.0,108.0,13.0,1.1871761235138039,718.2415547258514,4.748704494055215,12.465349296894942,44.51910463176765,3.561528370541412,64.10751066974541,7.716644802839726,266.3999999999999,158.13185965203863,90.11,547500.0,0.9229223744292238,39.0,3.9,30844.3,30093.0,35164.0,9.0
25,Севастополь,2023,171215.0,137859.0,"[np.float64(3.1600000000003092), np.float64(10.767857142857167), np.float64(-89.03686274509687), np.float64(-21.42865287635925), np.float64(-13.091601731601259), np.float64(-106.4868751681222), np.float64(-3.6429823417093985), np.float64(0.20926689748557692), np.float64(40.94665305447833)]",-219.7591177200315,-178.6031977680676,-128.3527247729647,-129.55497846935464,42.0,7.0,0.0,21.0,0.0,14.0,40.0,2.0,4.088426831761236,245.30560990567417,12.265280495283708,0.0,8.176853663522472,0.0,23.362439038635635,1.1681219519317818,266.3999999999999,155.5938439973133,90.11,547500.0,0.9229223744292238,39.0,3.9,30844.3,30093.0,35164.0,9.0
26,Еврейская АО,2022,44197.0,36314.0,"[np.float64(19.576923076923322), np.float64(2.152380952380952), np.float64(6.222727272726615), np.float64(-23.611730306157547), np.float64(-24.72567195767283), np.float64(-26.879473684210893), np.float64(-17.63430799220282), np.float64(-5.887705579659155), np.float64(-35.09587823940578)]",-64.8991526382132,-105.88273645727813,-146.84062863591012,-291.5755258503005,38.0,0.0,0.0,8.0,0.0,30.0,35.0,3.0,0.0,859.7868633617666,18.100776070774035,0.0,67.87791026540262,0.0,79.1908953096364,6.787791026540264,283.4,641.2199923071701,95.67,149600.0,0.7078877005347595,64.5,5.2,29531.1,27496.0,35493.0,20.0
27,Еврейская АО,2023,43537.0,35584.0,"[np.float64(24.384615384616154), np.float64(2.173809523809524), np.float64(8.51363636363567), np.float64(-23.415479876160973), np.float64(-28.513005291006266), np.float64(-29.20368421052632), np.float64(-16.87875243664739), np.float64(-6.643615679548105), np.float64(-40.076353352529225)]",-62.9388605422796,-109.65882957435693,-144.56407318437098,-308.1689230394473,31.0,2.0,0.0,0.0,13.0,8.0,28.0,3.0,4.593793784597009,712.0380366125365,0.0,29.859659599880562,18.375175138388038,0.0,64.31311298435813,6.890690676895514,283.4,650.9405792773962,95.67,149600.0,0.7078877005347595,64.5,5.2,29531.1,27496.0,35493.0,20.0
28,Забайкальский край,2022,298099.0,247240.0,"[np.float64(17.285909090909115), np.float64(20.13454545454465), np.float64(22.62147641831885), np.float64(-32.555443576857044), np.float64(23.553646825724968), np.float64(143.83364137130854), np.float64(92.54024391112796), np.float64(33.108879767088126), np.float64(37.75163697853759)]",287.414019495077,358.27453624070273,96.41562685385628,144.90961666425446,285.0,7.0,8.0,16.0,31.0,178.0,235.0,50.0,2.3482131775014343,956.058222268441,5.367344405717564,10.399229786077779,59.71170651360789,2.683672202858782,78.83287095897671,16.772951267867384,1819.4,610.3341507351586,89.22,1000500.0,0.6925537231384308,56.7,8.7,28379.6,27644.0,36183.0,17.6
29,Забайкальский край,2023,295485.0,245120.0,"[np.float64(18.116636363636516), np.float64(23.286363636363717), np.float64(20.68478058783373), np.float64(-38.808113328845366), np.float64(27.877357591376835), np.float64(166.93753895774148), np.float64(105.91468684483078), np.float64(29.639655213478534), np.float64(39.56168402634955)]",324.0092506529377,393.21058989276577,109.65336672011699,160.4155474431975,769.0,68.0,16.0,142.0,334.0,74.0,691.0,78.0,23.013012504864882,2602.5009729766316,48.056584936629605,113.03450259742458,25.043572431764726,5.414826471732914,233.8528182479652,26.397279049697953,1819.4,615.7334551669289,89.22,1000500.0,0.6925537231384308,56.7,8.7,28379.6,27644.0,36183.0,17.6
30,Ивановская область,2022,260788.0,203490.0,"[np.float64(20.230952380952203), np.float64(7.3958441558443155), np.float64(7.352564102564102), np.float64(22.815397820736905), np.float64(-61.82098761898612), np.float64(53.80902599829574), np.float64(-9.558655394524749), np.float64(-104.75305255067269), np.float64(49.2574228390024)]",40.22414144488239,-15.271488266787898,15.424076815222476,-7.504785624250773,127.0,0.0,7.0,8.0,37.0,75.0,122.0,5.0,0.0,486.9855974968173,3.067625811003574,14.187769375891527,28.7589919781585,2.684172584628127,46.7812936178045,1.9172661318772335,683.2,261.9752442597052,95.98,924100.0,0.8195000541066984,73.1,3.1,26967.9,28872.0,34275.0,11.5
31,Ивановская область,2023,257494.0,201085.0,"[np.float64(24.340476190476238), np.float64(13.406753246753397), np.float64(7.365384615384606), np.float64(28.357911814585236), np.float64(-72.24963517863455), np.float64(68.16980115268495), np.float64(-12.837987117552132), np.float64(-107.01934385254572), np.float64(47.346695532403146)]",56.55270472369776,-3.119943596444813,21.962727179545062,-1.5515546144390746,224.0,30.0,8.0,31.0,61.0,79.0,210.0,14.0,11.650756910840641,869.9231826761012,12.039115474535329,23.68987238537597,30.680326531880358,3.1068685095575046,81.55529837588449,5.437019891725632,683.2,265.3265707162109,95.98,924100.0,0.8195000541066984,73.1,3.1,26967.9,28872.0,34275.0,11.5
32,Иркутская область,2022,663571.0,540884.0,"[np.float64(-80.03216084623091), np.float64(-118.12906857310566), np.float64(-40.44075503668773), np.float64(95.36804318157078), np.float64(138.49541201984107), np.float64(24.731764626039308), np.float64(-76.87506893981765), np.float64(-82.9044362647212), np.float64(-201.27320757230837)]",-56.88183356839079,-341.05947740542035,-8.5720794863535,-63.05593757726617,195.0,0.0,16.0,52.0,0.0,112.0,175.0,20.0,0.0,293.8645600847536,7.836388268926762,0.0,16.878374733073024,2.4111963904390037,26.3724605204266,3.0139954880487543,1878.0,283.01417632777805,92.21,2363500.0,0.7761793949650941,63.8,5.0,28570.9,26644.0,35040.0,14.8
33,Иркутская область,2023,655891.0,534880.0,"[np.float64(-89.29319436882588), np.float64(-128.86049514151665), np.float64(-38.411754399352844), np.float64(104.18659256952924), np.float64(182.04276229698803), np.float64(32.75968012004182), np.float64(-79.2405577372001), np.float64(-94.97371171535724), np.float64(-236.88317750346232)]",-16.81696666033639,-348.67385587915595,-2.5639880194020637,-65.18730479344076,864.0,152.0,25.0,163.0,379.0,62.0,784.0,80.0,23.17458236200832,1317.2920500509993,24.851690296101026,57.78399154737601,9.452790173977078,3.8116089411197898,119.53205639351661,12.197148611583327,1878.0,286.3280636569186,92.21,2363500.0,0.7761793949650941,63.8,5.0,28570.9,26644.0,35040.0,14.8
34,Кабардино-Балкария,2022,269421.0,216092.0,"[np.float64(-37.1599999999994), np.float64(37.99019607843093), np.float64(81.52403846153447), np.float64(-120.91000000000156), np.float64(19.792222222222307), np.float64(24.35381774351515), np.float64(17.30182558490111), np.float64(-192.25912636574776), np.float64(35.87988956698666)]",22.89210009060301,-133.4871367081581,8.496776454175068,-61.77328948233072,83.0,8.0,0.0,12.0,0.0,41.0,20.0,63.0,2.969330527315985,308.0680422090335,4.453995790973978,0.0,15.217818952494424,0.0,7.423326318289962,23.383477902613382,-90.20000000000005,-33.479201695487745,19.84,904300.0,0.5190755280327325,37.7,10.0,25415.9,27903.0,30173.0,16.4
35,Кабардино-Балкария,2023,267734.0,215561.0,"[np.float64(-43.19999999999936), np.float64(43.231862745097715), np.float64(101.95817307692414), np.float64(-130.0882352941196), np.float64(20.490416666666846), np.float64(33.12439975119901), np.float64(27.25735266007308), np.float64(-211.2264321818825), np.float64(42.574934612031825)]",52.77396960584181,-115.87752796400886,19.711343948038657,-53.756258304613944,117.0,8.0,1.0,39.0,6.0,24.0,36.0,81.0,2.9880403684253776,437.00090388221145,14.566696796073714,2.241030276319033,8.964121105276131,0.3735050460531722,13.446181657914197,30.253908730306946,-90.20000000000005,-33.690155153996145,19.84,904300.0,0.5190755280327325,37.7,10.0,25415.9,27903.0,30173.0,16.4
36,Калининградская область,2022,309364.0,246670.0,"[np.float64(7.302380952380986), np.float64(-72.66769230769205), np.float64(59.144511434510605), np.float64(40.968762080381566), np.float64(4.9668897082759145), np.float64(30.621010157776652), np.float64(87.34224786324796), np.float64(25.65676326754948), np.float64(-129.77730966713284)]",157.67810988888164,53.557563489298275,50.96847399467347,21.7122323303597,202.0,8.0,10.0,34.0,23.0,99.0,183.0,19.0,2.5859505307663464,652.9525090185025,10.990289755756972,7.434607775953246,32.00113781823354,3.232438163457933,59.15361839128018,6.141632510570073,1602.4,517.9658913124993,91.3,1031000.0,0.7676042677012609,35.6,3.1,29129.9,30826.0,34506.0,12.0
37,Калининградская область,2023,308110.0,245309.0,"[np.float64(7.5690476190476375), np.float64(-82.88197802197647), np.float64(65.02285602910433), np.float64(54.88196341582443), np.float64(7.80263654236191), np.float64(25.339353733766757), np.float64(88.31077564102549), np.float64(27.988819992047866), np.float64(-151.1261924167186)]",166.0446549591541,42.90728253448336,53.89135534684174,17.49111632042989,355.0,48.0,20.0,54.0,76.0,59.0,337.0,18.0,15.578851708805297,1152.1859076303917,17.52620817240596,24.666515205608384,19.149005225406512,6.491188212002208,109.37652137223718,5.842069390801987,1602.4,520.0739995456169,91.3,1031000.0,0.7676042677012609,35.6,3.1,29129.9,30826.0,34506.0,12.0
38,Калужская область,2022,324498.0,259073.0,"[np.float64(-22.06794871794932), np.float64(-1.903846153846196), np.float64(12.52910087719269), np.float64(-80.09521932199158), np.float64(112.96610564301955), np.float64(191.85839103691796), np.float64(215.5219278990303), np.float64(74.35186196178006), np.float64(203.75445135819325)]",428.8085112623734,706.9148245823467,132.14519388790484,272.86317932874005,96.0,7.0,2.0,7.0,24.0,56.0,85.0,11.0,2.1571781644262833,295.84157683560454,2.1571781644262833,7.396039420890114,17.257425315410266,0.6163366184075095,26.194306282319154,3.3898514012413017,477.80000000000007,147.24281813755402,90.35,1073300.0,0.7503959750302804,56.6,3.9,31476.3,28327.0,35509.0,7.9
39,Калужская область,2023,320917.0,256238.0,"[np.float64(-25.653205128206082), np.float64(-1.6929487179487452), np.float64(11.229671052631204), np.float64(-84.73977924482728), np.float64(129.54446906447157), np.float64(228.30878851472835), np.float64(249.55577461432313), np.float64(90.14656443259491), np.float64(231.94985753051787)]",506.55277015517214,828.6491921182849,157.84541490640012,323.3904386227979,253.0,41.0,16.0,63.0,64.0,11.0,231.0,22.0,12.775889092818394,788.3658391422082,19.631244215794116,19.942851266838467,3.427677561487861,4.985712816709617,71.98122879124509,6.855355122975722,477.80000000000007,148.88584898899094,90.35,1073300.0,0.7503959750302804,56.6,3.9,31476.3,28327.0,35509.0,7.9
40,Камчатский край,2022,94302.0,75416.0,"[np.float64(18.280000000000655), np.float64(-16.53333333333336), np.float64(45.764705882353155), np.float64(47.14436647173494), np.float64(-37.85756592292091), np.float64(3.7376503033646884), np.float64(-23.53901875901849), np.float64(-25.486816114359556), np.float64(2.6617848817854224)]",36.99680464218068,14.171773409606544,39.23225874549922,18.791467871017485,63.0,7.0,0.0,0.0,8.0,40.0,57.0,6.0,7.422960276558292,668.0664248902461,0.0,8.483383173209475,42.41691586604738,0.0,60.444105109117515,6.362537379907107,465.20000000000005,493.3087315221311,88.3,292600.0,0.7792207792207791,35.8,2.9,53171.8,44431.0,70769.0,12.8
41,Камчатский край,2023,91495.0,72965.0,"[np.float64(22.73999999999978), np.float64(-17.333333333333485), np.float64(54.4247058823521), np.float64(48.686208576997785), np.float64(-39.14558485463152), np.float64(3.142305570877099), np.float64(-26.619422799422694), np.float64(-29.83371020142897), np.float64(-1.012624042624111)]",45.894879042839065,15.048544798785983,50.16107879429374,20.6243333088275,112.0,15.0,0.0,47.0,28.0,15.0,100.0,12.0,16.394338488441992,1224.110607137002,51.368927263784904,30.60276517842505,16.394338488441992,0.0,109.29558992294662,13.115470790753593,465.20000000000005,508.44308432154764,88.3,292600.0,0.7792207792207791,35.8,2.9,53171.8,44431.0,70769.0,12.8
42,Карачаево-Черкесия,2022,136311.0,109484.0,"[np.float64(-8.583333333333343), np.float64(-24.500000000000455), np.float64(20.31111111111113), np.float64(-7.46060606060621), np.float64(-64.24703279939126), np.float64(-57.24192982456202), np.float64(24.394213152531847), np.float64(-91.53920102354004), np.float64(-6.004204376216762)]",-117.32757775425031,-214.87098315400712,-86.07344803739267,-196.2578853111022,48.0,3.0,3.0,6.0,5.0,25.0,23.0,25.0,2.2008495279177764,352.13592446684424,4.401699055835553,3.668082546529627,18.340412732648137,2.2008495279177764,16.873179714036283,18.340412732648137,219.4,160.95546214172006,27.55,469100.0,0.4133447026220422,53.9,9.8,19060.4,14643.0,22258.0,22.0
43,Карачаево-Черкесия,2023,136443.0,110062.0,"[np.float64(-8.924999999999983), np.float64(-26.845000000000027), np.float64(19.79444444444448), np.float64(-5.116666666666561), np.float64(-72.13321128909456), np.float64(-66.11842105263099), np.float64(27.960715070408696), np.float64(-102.37064831359339), np.float64(-10.087303814869074)]",-131.38313949353895,-243.84109162200141,-96.29159392093324,-221.54884667006,72.0,11.0,0.0,11.0,18.0,21.0,40.0,32.0,8.06197459745095,527.692882742244,8.06197459745095,13.192322068556102,15.391042413315452,0.0,29.316271263458,23.453017010766402,219.4,160.79974788006714,27.55,469100.0,0.4133447026220422,53.9,9.8,19060.4,14643.0,22258.0,22.0
44,Кемеровская область,2022,728361.0,589823.0,"[np.float64(19.939899159662218), np.float64(13.755555555556384), np.float64(56.30568683684737), np.float64(12.322739095487918), np.float64(148.04918979594345), np.float64(130.0713735678537), np.float64(-39.782210695657795), np.float64(134.14817484184152), np.float64(165.95720585510026)]",340.66223331569324,640.767614012635,46.77107002100514,108.63727152258136,316.0,23.0,20.0,22.0,67.0,123.0,300.0,16.0,3.15777478475646,433.8507965143658,3.0204802288974837,9.198735242551427,16.887230370654112,2.745891117179531,41.18836675769296,2.196712893743624,3031.2,416.1672577197296,95.28,2592000.0,0.8652777777777778,53.9,4.1,26779.8,24686.0,32627.0,11.3
45,Кемеровская область,2023,721103.0,584329.0,"[np.float64(24.832873949579152), np.float64(21.973333333333358), np.float64(78.12698956126542), np.float64(10.569618479374071), np.float64(193.99903342536936), np.float64(155.65270313930307), np.float64(-32.305090366827244), np.float64(153.0970893606393), np.float64(192.11043858300968)]",452.8494615213972,798.0569894650462,62.79955311812559,136.57665278722195,921.0,97.0,23.0,128.0,378.0,133.0,857.0,64.0,13.451615095208313,1277.2100518233872,17.750584867903754,52.41969593802827,18.443967089306245,3.189558218451456,118.84571274838684,8.875292433951877,3031.2,420.3560379030458,95.28,2592000.0,0.8652777777777778,53.9,4.1,26779.8,24686.0,32627.0,11.3
46,Кировская область,2022,311517.0,242943.0,"[np.float64(-4.744755244754742), np.float64(10.028225108225229), np.float64(4.870309582310483), np.float64(-5.809491716446928), np.float64(-125.40842417396283), np.float64(107.23048332183794), np.float64(7.77791785880305), np.float64(-7.4867775685332845), np.float64(-143.92115229255592)]",-6.055735263987799,-157.463665125077,-1.9439501741438827,-64.81506572532528,246.0,0.0,6.0,23.0,105.0,89.0,227.0,19.0,0.0,789.6840300850355,7.3832246715267535,33.70602567436127,28.56986938112527,1.9260586099635013,72.8692174102858,6.099185598217754,720.2,231.19123514928563,92.78,1149200.0,0.7794117647058824,73.3,3.8,25254.9,26548.0,32149.0,12.5
47,Кировская область,2023,307151.0,240289.0,"[np.float64(-2.8854895104890375), np.float64(18.555454545453813), np.float64(9.395341523341244), np.float64(-7.331735364639314), np.float64(-141.39483868392466), np.float64(118.8720610027442), np.float64(17.52154256512506), np.float64(-7.6434290350099445), np.float64(-162.9232700850264)]",12.732336077611308,-157.83436304242503,4.145301847498888,-65.68522197954339,389.0,28.0,26.0,95.0,66.0,49.0,362.0,27.0,9.116037388776205,1266.4780515121226,30.92941256906212,21.487802416401053,15.953065430358357,8.464891861006477,117.85734052632093,8.790464624891339,720.2,234.4775045498794,92.78,1149200.0,0.7794117647058824,73.3,3.8,25254.9,26548.0,32149.0,12.5
48,Костромская область,2022,154547.0,120179.0,"[np.float64(11.857777777777756), np.float64(-4.16952380952398), np.float64(-0.013053879759354459), np.float64(45.642124542124975), np.float64(-30.13807681679978), np.float64(-44.30412782839983), np.float64(34.190774069813244), np.float64(86.19564010573936), np.float64(31.93743682478106)]",13.06589405523303,131.19897098575345,8.454317492564094,109.16963112170465,189.0,8.0,8.0,15.0,46.0,95.0,184.0,5.0,5.176418824047054,1222.9289471811164,9.705785295088225,29.76440823827056,61.469973535558765,5.176418824047054,119.05763295308223,3.2352617650294087,556.8,360.2787501536749,96.11,578000.0,0.7378892733564014,48.1,3.4,27139.8,29753.0,34450.0,11.0
49,Костромская область,2023,152056.0,118831.0,"[np.float64(13.168888888888887), np.float64(-2.379047619047469), np.float64(5.6163927605568915), np.float64(51.43256410256447), np.float64(-28.396193699917177), np.float64(-52.2808127078855), np.float64(39.079617951669036), np.float64(101.13130506009566), np.float64(34.035833104899325)]",26.241409676829136,161.40854784182412,17.25772720368097,135.83033706846203,124.0,15.0,0.0,16.0,22.0,49.0,114.0,10.0,9.864786657547219,815.4890303572367,10.522439101383702,14.46835376440259,32.22496974798758,0.0,74.97237859735887,6.576524438364813,556.8,366.1808807281528,96.11,578000.0,0.7378892733564014,48.1,3.4,27139.8,29753.0,34450.0,11.0
50,Краснодарский край,2022,1683327.0,1346803.0,"[np.float64(20.266870318211687), np.float64(149.53160358039509), np.float64(29.629106148595383), np.float64(29.908076254542493), np.float64(-129.4672279055983), np.float64(-120.39995798390146), np.float64(225.8428480379307), np.float64(32.725601743301695), np.float64(-142.94339416955972)]",205.3113184501756,95.09352602391758,12.196757875931153,7.060685640284257,925.0,38.0,117.0,90.0,169.0,336.0,842.0,83.0,2.2574342358911843,549.5070179471962,5.346554769215963,10.039641733305531,19.960471138406263,6.950521199980753,50.01999017422045,4.930711620499166,3676.0,218.3770592404209,92.34,5832000.0,0.5696673525377229,50.0,3.5,37188.6,45331.0,48279.0,9.0
51,Краснодарский край,2023,1673002.0,1337907.0,"[np.float64(26.3950152813575), np.float64(171.97890750460692), np.float64(34.90058433573722), np.float64(45.968502321293045), np.float64(-134.9947303630954), np.float64(-147.33318670236395), np.float64(268.7286367053389), np.float64(27.021594786748437), np.float64(-187.2703385595746)]",265.6437290828742,105.39498531004801,15.878267275405182,7.877601754834081,1278.0,173.0,98.0,219.0,311.0,171.0,1166.0,112.0,10.340692957928322,763.8962774700807,13.090241374487299,18.589338207605252,10.22114737459967,5.857733583103905,69.6950750806036,6.694552666404463,3676.0,219.72478215806078,92.34,5832000.0,0.5696673525377229,50.0,3.5,37188.6,45331.0,48279.0,9.0
52,Красноярский край,2022,830975.0,676074.0,"[np.float64(-37.31722170106514), np.float64(-123.08283668265722), np.float64(-108.71138433230749), np.float64(-38.34508721611007), np.float64(83.95621524258627), np.float64(-230.14634691889614), np.float64(-132.32399189960552), np.float64(-247.67218242540525), np.float64(-342.2760784483403)]",-585.9706535080553,-1175.9189143818007,-70.5160388108012,-173.93346207394467,222.0,34.0,0.0,26.0,38.0,85.0,205.0,17.0,4.091579169048407,267.1560516261019,3.1288546586840758,4.572941424230573,10.228947922621018,0.0,24.669815578085984,2.0457895845242033,2503.2,301.23649929299916,93.64,2856300.0,0.7942092917410636,56.9,2.7,32892.7,31564.0,41782.0,14.4
53,Красноярский край,2023,823610.0,670096.0,"[np.float64(-45.33219534530531), np.float64(-132.5790041296559), np.float64(-116.0720681732081), np.float64(-49.18616813303606), np.float64(96.71474988559191), np.float64(-243.66281013070306), np.float64(-138.80605989329092), np.float64(-273.55675083731194), np.float64(-378.24663738685376)]",-628.9235559196075,-1280.7269441437732,-76.36181638392048,-191.12589004318383,911.0,114.0,42.0,132.0,345.0,87.0,842.0,69.0,13.841502652954675,1106.106045336992,16.027003071842255,41.88875802867862,10.563252024623305,5.099500977404354,102.23285292796348,8.377751605735725,2503.2,303.9302582532995,93.64,2856300.0,0.7942092917410636,56.9,2.7,32892.7,31564.0,41782.0,14.4
54,Курганская область,2022,201085.0,154990.0,"[np.float64(-3.568671328671442), np.float64(11.420857142856903), np.float64(-2.715262026939911), np.float64(35.63522258620878), np.float64(56.14290012684717), np.float64(79.98818619713447), np.float64(-54.401705940161946), np.float64(-88.88465901248128), np.float64(21.71838674827461)]",122.50152675727401,55.33525449306734,60.92027090895592,35.70246757408049,154.0,0.0,7.0,30.0,29.0,59.0,134.0,20.0,0.0,765.8452893055176,14.919064077380213,14.42176194146754,29.340826018847753,3.481114951388716,66.63848621229828,9.946042718253475,606.8,301.76293607181043,93.4,772300.0,0.6399067719798006,75.2,6.5,22574.1,22282.0,28401.0,17.0
55,Курганская область,2023,196510.0,152236.0,"[np.float64(-3.8774825174825764), np.float64(14.535440476190729), np.float64(-4.426994303622337), np.float64(38.699733909382076), np.float64(70.70598972428274), np.float64(89.48056167509083), np.float64(-59.10254079813211), np.float64(-105.2528496141565), np.float64(17.102405857673148)]",146.01470816570935,57.864264409225996,74.30395815261785,38.00958013165479,240.0,29.0,12.0,52.0,84.0,16.0,218.0,22.0,14.757518701338354,1221.3118925245535,26.461757671365326,42.74591623835937,8.142079283497024,6.1065594626227675,110.93583023764693,11.195359014808407,606.8,308.7883568266246,93.4,772300.0,0.6399067719798006,75.2,6.5,22574.1,22282.0,28401.0,17.0
56,Курская область,2022,299203.0,232061.0,"[np.float64(-13.90545454545466), np.float64(53.6074224021595), np.float64(22.177560975610334), np.float64(83.81515050367028), np.float64(100.38473078000834), np.float64(65.26458176899794), np.float64(342.2457578996896), np.float64(133.4290246097433), np.float64(203.5064883833204)]",653.5897497846813,990.525262777745,218.44358171030416,426.8383152609637,212.0,15.0,16.0,37.0,52.0,65.0,200.0,12.0,5.013318716724097,708.5490452970057,12.36618616791944,17.379504884643534,21.724381105804422,5.347539964505704,66.8442495563213,4.010654973379277,549.0000000000001,183.487465032102,95.93,1078200.0,0.6846596178816546,63.0,3.0,30339.6,28917.0,37632.0,8.1
57,Курская область,2023,293734.0,228148.0,"[np.float64(-15.000259740259736), np.float64(63.72601214574934), np.float64(28.215514729173833), np.float64(91.55830232765959), np.float64(114.62832493990436), np.float64(76.03788969699761), np.float64(406.3147043009517), np.float64(164.86875488182687), np.float64(235.77089638712573)]",765.4804884001767,1166.1201396691292,260.6032969966625,511.1244190916113,258.0,107.0,7.0,53.0,54.0,29.0,250.0,8.0,36.42751605193815,878.3457141495367,18.043535988343194,18.383980063594954,9.872878182300994,2.383108526762309,85.11101881293959,2.7235526020140672,549.0000000000001,186.9037973132154,95.93,1078200.0,0.6846596178816546,63.0,3.0,30339.6,28917.0,37632.0,8.1
58,Ленинградская область,2022,627419.0,508463.0,"[np.float64(-11.704761904762336), np.float64(14.519323671497887), np.float64(82.42357048908946), np.float64(111.37125957969556), np.float64(-112.69371794875474), np.float64(60.41758148015242), np.float64(35.89154481854314), np.float64(70.07938876564538), np.float64(-3.0621777424021275)]",180.2248001854614,247.24201120870464,28.72479159627958,48.62536924195165,137.0,15.0,22.0,32.0,37.0,23.0,127.0,10.0,2.3907468533786833,218.35487927525307,5.100259953874524,5.897175571667418,3.6658118418473142,3.5064287182887357,20.241656691939518,1.5938312355857887,1522.6,242.6767439302922,93.73,2006000.0,0.6714356929212363,31.5,3.3,33571.5,32789.0,38963.0,7.0
59,Ленинградская область,2023,628372.0,508584.0,"[np.float64(-9.497619047619537), np.float64(18.966183574879324), np.float64(91.5092489389682), np.float64(126.06407082974727), np.float64(-117.22019041527847), np.float64(62.55785699581793), np.float64(34.38431003903759), np.float64(81.59469079231849), np.float64(-12.176467729364504)]",206.7638609155523,276.1820839785063,32.90469036105242,54.304123601707154,349.0,50.0,19.0,69.0,64.0,26.0,327.0,22.0,7.9570700158504835,555.4034871063637,10.980756621873667,10.185049620288618,4.1376764082422515,3.0236866060231837,52.03923790366216,3.501110806974213,1522.6,242.30869612267892,93.73,2006000.0,0.6714356929212363,31.5,3.3,33571.5,32789.0,38963.0,7.0
60,Липецкая область,2022,322269.0,251794.0,"[np.float64(9.30000000000041), np.float64(13.224859943977378), np.float64(-1.1338707269742372), np.float64(48.37406594199763), np.float64(-110.68211867781793), np.float64(-74.28202099652856), np.float64(69.19059279774501), np.float64(-324.490402427964), np.float64(69.49581485792612)]",-46.00849171760029,-301.0030792876382,-14.276424886538976,-119.54338836018259,156.0,47.0,0.0,15.0,16.0,47.0,149.0,7.0,14.58408968904859,484.067657764166,4.654496709270826,4.964796489888882,14.58408968904859,0.0,46.23466731209021,2.172098464326386,604.4000000000001,187.54518740555255,96.68,1138100.0,0.6304366927335032,58.9,3.7,31756.8,32431.0,38926.0,7.2
61,Липецкая область,2023,317426.0,248404.0,"[np.float64(11.552142857143508), np.float64(15.928641456582909), np.float64(-2.51365875503825), np.float64(54.51471328193327), np.float64(-116.61059338908808), np.float64(-85.4985640795042), np.float64(82.33898471336488), np.float64(-356.7020723516134), np.float64(91.7634282617903)]",-40.28833391460597,-305.2269780044291,-12.692197209619241,-122.87522664869692,276.0,47.0,14.0,71.0,88.0,29.0,262.0,14.0,14.806600593524161,869.4939923005677,22.36741791787692,27.722996855960126,9.135987600259588,4.410476772539112,82.53892245751766,4.410476772539112,604.4000000000001,190.40658295161708,96.68,1138100.0,0.6304366927335032,58.9,3.7,31756.8,32431.0,38926.0,7.2
62,Магаданская область,2022,44183.0,34836.0,"[np.float64(-1.9285714285714448), np.float64(1.3657142857143754), np.float64(-65.14141414141477), np.float64(22.355497835498227), np.float64(12.12194331983892), np.float64(38.61428571428473), np.float64(62.89021195522764), np.float64(-98.80412075941422), np.float64(-18.795871080138966)]",70.27766754057768,-47.3223242989755,159.06042491586737,-135.84316310418964,49.0,23.0,0.0,8.0,0.0,18.0,45.0,4.0,52.05622071837585,1109.0238326958333,18.106511554217686,0.0,40.739650996989795,0.0,101.84912749247447,9.053255777108843,172.8,391.10064957110205,87.71,135900.0,0.963944076526858,34.4,4.1,70976.5,45948.0,94060.0,7.4
63,Магаданская область,2023,43255.0,34073.0,"[np.float64(-2.257142857142867), np.float64(0.5928571428573832), np.float64(-74.67424242424386), np.float64(25.896450216450376), np.float64(16.063481781376993), np.float64(43.928571428570876), np.float64(69.5598952131445), np.float64(-108.23353874883196), np.float64(-22.448723867595817)]",79.1098705010134,-51.572392115414374,182.89185181138228,-151.35853055326615,89.0,21.0,3.0,8.0,37.0,1.0,85.0,4.0,48.54930065888337,2057.5655993526757,18.494971679574615,85.53924401803259,2.311871459946827,6.935614379840482,196.5090740954803,9.247485839787307,172.8,399.4913882788117,87.71,135900.0,0.963944076526858,34.4,4.1,70976.5,45948.0,94060.0,7.4
64,Московская область,2022,2573001.0,2077650.0,"[np.float64(7.820607224142748), np.float64(16.456816638369475), np.float64(117.47544065775753), np.float64(225.89050480041465), np.float64(386.1214085460815), np.float64(52.763028018508294), np.float64(421.06070536946095), np.float64(-290.8270737357652), np.float64(-35.77614257135065)]",1227.5885112547353,900.9852949476194,47.71037831911978,43.365595502015225,578.0,38.0,45.0,95.0,175.0,128.0,546.0,32.0,1.4768746689177346,224.6404101669607,3.692186672294336,6.801396501594831,4.97473572688079,1.7489305289815276,21.22035708497587,1.2436839317201975,7022.4,272.9264388159973,92.14,8542300.0,0.7847184013673133,42.0,3.1,48004.7,43138.0,55109.0,5.5
65,Московская область,2023,2574610.0,2075337.0,"[np.float64(8.016925558761699), np.float64(24.072369482173684), np.float64(141.38573193814102), np.float64(256.2398333433132), np.float64(447.96930001378905), np.float64(99.94972913026481), np.float64(479.62286439407603), np.float64(-313.25200277716203), np.float64(-29.55920504769165)]",1457.2567538605194,1114.4455460356658,56.601067884476464,53.699497770032806,1349.0,183.0,31.0,393.0,284.0,127.0,1251.0,98.0,7.107872648673003,523.962852626223,15.264447819281367,11.030796897394168,4.932785936510773,1.2040658585183774,48.589883516338396,3.806401746283903,7022.4,272.7558737051437,92.14,8542300.0,0.7847184013673133,42.0,3.1,48004.7,43138.0,55109.0,5.5
66,Мурманская область,2022,208954.0,167982.0,"[np.float64(-18.017142857142517), np.float64(10.282983682983286), np.float64(30.71086691086657), np.float64(88.61232308077342), np.float64(19.535608682471548), np.float64(-124.18958704632968), np.float64(36.23043902438991), np.float64(-117.68808111491296), np.float64(112.7247621636294)]",43.16549147801254,38.20217252672899,20.657891917844378,22.74182503287792,124.0,16.0,7.0,14.0,43.0,7.0,121.0,3.0,7.6571877063851375,593.4320472448481,6.700039243086994,20.578691960910056,3.350019621543497,3.350019621543497,57.907482029537604,1.4357226949472133,429.20000000000005,205.40406022378136,89.93,665200.0,0.930847865303668,34.9,4.8,48438.3,45567.0,62601.0,8.0
67,Мурманская область,2023,206179.0,165829.0,"[np.float64(-19.59142857142797), np.float64(13.022144522144117), np.float64(33.802442002441694), np.float64(106.8577394348622), np.float64(24.525553878279197), np.float64(-135.56816821921927), np.float64(38.85743902439032), np.float64(-127.58479497277051), np.float64(123.77271157498603)]",61.90572207147028,58.0936386736858,30.025231508286623,35.032255319447025,167.0,15.0,8.0,45.0,69.0,15.0,156.0,11.0,7.2752317161301585,809.9757977291576,21.825695148390476,33.466065894198735,7.2752317161301585,3.880123581936085,75.66240984775365,5.335169925162116,429.20000000000005,208.16863017087098,89.93,665200.0,0.930847865303668,34.9,4.8,48438.3,45567.0,62601.0,8.0
68,Ненецкий АО,2022,12616.0,10380.0,"[np.float64(0.0), np.float64(14.0), np.float64(7.533333333333076), np.float64(0.06666666666660603), np.float64(-4.685714285714312), np.float64(-7.19999999999996), np.float64(-36.80000000000018), np.float64(-75.61904761904952), np.float64(-20.46060606060672)]",-27.085714285714772,-123.16536796537102,-214.69335990579242,-1186.5642385873894,23.0,0.0,0.0,15.0,8.0,0.0,22.0,1.0,0.0,1823.0818008877616,118.89663918833227,63.41154090044388,0.0,0.0,174.38173747622068,7.926442612555485,22.4,177.55231452124283,69.57,41400.0,0.7415458937198067,-77777777.0,7.4,71497.5,41089.0,104109.0,9.0
69,Ненецкий АО,2023,12531.0,10289.0,"[np.float64(0.0), np.float64(16.5), np.float64(8.316666666666606), np.float64(-0.5666666666668334), np.float64(-4.171428571428578), np.float64(-6.550000000000068), np.float64(-38.2800000000002), np.float64(-84.60952380952585), np.float64(-23.136363636363797)]",-24.751428571429074,-132.49731601731872,-197.52157506527072,-1287.7569833542493,30.0,6.0,1.0,0.0,8.0,15.0,27.0,3.0,47.881254488867604,2394.0627244433804,0.0,63.84167265182347,119.70313622216902,7.980209081477934,215.46564519990423,23.940627244433802,22.4,178.75668342510573,69.57,41400.0,0.7415458937198067,-77777777.0,7.4,71497.5,41089.0,104109.0,9.0
70,Нижегородская область,2022,873455.0,692834.0,"[np.float64(9.094622073578421), np.float64(25.781234060761676), np.float64(-29.671248328391812), np.float64(135.80439421830704), np.float64(173.85756127171567), np.float64(123.09252985578189), np.float64(233.44127716358867), np.float64(96.12664280452395), np.float64(103.11758308771732)]",671.4003703153415,870.6445962075828,76.86719639996812,125.66424225825851,325.0,15.0,0.0,47.0,105.0,128.0,303.0,22.0,1.7173180072241843,372.0855682319067,5.380929755969111,12.021226050569291,14.654446994979706,0.0,34.68982374592853,2.5187330772621372,1329.6000000000001,152.22306816035172,95.21,3108900.0,0.7993824182186625,59.3,4.1,33308.3,35053.0,43220.0,8.0
71,Нижегородская область,2023,861454.0,683546.0,"[np.float64(7.850795986621847), np.float64(26.94225246041924), np.float64(-32.2793912436768), np.float64(141.77612444702322), np.float64(220.9643039681705), np.float64(135.12008981662734), np.float64(291.43747942641096), np.float64(116.75908237046951), np.float64(148.33833674636412)]",791.8116548615963,1056.90907397843,91.91572096265108,154.62149935460522,550.0,89.0,24.0,86.0,183.0,69.0,515.0,35.0,10.331369986093279,638.4554485787982,9.983121559595753,21.243154016349102,8.009713809443104,2.7859874119802104,59.78264654874201,4.062898309137807,1329.6000000000001,154.34370262370365,95.21,3108900.0,0.7993824182186625,59.3,4.1,33308.3,35053.0,43220.0,8.0
72,Новгородская область,2022,160556.0,127324.0,"[np.float64(14.233333333333576), np.float64(-10.395421245421232), np.float64(28.97875175315562), np.float64(13.536037090827676), np.float64(-64.67850046451025), np.float64(0.977029669585221), np.float64(-9.812184553262341), np.float64(2.8606432981079593), np.float64(-49.264521463714345)]",-27.16095441629173,-73.56483258189812,-16.916810593370368,-57.777663741241334,76.0,0.0,0.0,38.0,23.0,8.0,72.0,4.0,0.0,473.3550910585715,23.66775455292857,14.325219860983083,4.982685169037595,0.0,44.84416652133835,2.4913425845187973,603.8,376.0681631331124,95.43,581600.0,0.7303988995873453,53.7,3.1,27659.9,29024.0,33729.0,11.9
73,Новгородская область,2023,158812.0,126220.0,"[np.float64(16.600000000000364), np.float64(-8.579120879121206), np.float64(33.884800140252764), np.float64(10.746794216397575), np.float64(-72.3752782656459), np.float64(-0.9095402998799784), np.float64(-12.484039566772537), np.float64(3.1369204949290292), np.float64(-48.585749746309716)]",-33.11638465476892,-78.56521390614961,-20.852570747027254,-62.244663211970845,234.0,41.0,10.0,63.0,60.0,16.0,223.0,11.0,25.81668891519532,1473.4402941843184,39.669546381885496,37.780520363700475,10.074805430320126,6.296753393950079,140.41760068508677,6.926428733345087,603.8,380.19796992670575,95.43,581600.0,0.7303988995873453,53.7,3.1,27659.9,29024.0,33729.0,11.9
74,Новосибирская область,2022,788526.0,637989.0,"[np.float64(-62.32971134342404), np.float64(3.8518752492285557), np.float64(-0.983161748010275), np.float64(150.52869808899436), np.float64(131.82357820575407), np.float64(144.25696740036813), np.float64(132.90422804455397), np.float64(-132.49294627381096), np.float64(-160.67869900626852)]",500.0524738974648,206.8808286173853,63.41610471911703,32.42702125230769,284.0,15.0,32.0,33.0,39.0,142.0,257.0,27.0,1.9022835011147379,360.16567621105713,4.185023702452424,4.945937102898319,18.008283810552857,4.058204802378108,32.59245731909918,3.4241103020065284,2717.8,344.6684066219757,94.15,2797500.0,0.7968185880250223,65.8,4.7,31971.1,32658.0,39845.0,11.3
75,Новосибирская область,2023,782961.0,633106.0,"[np.float64(-69.35882469964218), np.float64(9.26768946628306), np.float64(12.209362127636041), np.float64(188.82656641497698), np.float64(170.9074938595411), np.float64(168.5438337181222), np.float64(157.27684579123297), np.float64(-138.00461530212897), np.float64(-160.86485708830742)]",637.6729666781501,338.80349428771376,81.44377136002305,53.51449745977984,726.0,147.0,40.0,140.0,219.0,61.0,658.0,68.0,18.774881507508038,927.2492499626418,17.880839530960035,27.97074183771605,7.790937224204016,5.10881129456001,84.03994579551217,8.684979200752018,2717.8,347.11818340887993,94.15,2797500.0,0.7968185880250223,65.8,4.7,31971.1,32658.0,39845.0,11.3
76,Омская область,2022,517148.0,409892.0,"[np.float64(28.01841491841651), np.float64(38.75716550116522), np.float64(-5.109270010305664), np.float64(45.26501613210067), np.float64(93.06372694754782), np.float64(-58.5676659239258), np.float64(42.156103976024724), np.float64(-5.659497249457559), np.float64(-178.0219497451419)]",183.58349154102348,-0.09795545357599167,35.49921715660188,-0.02389786909136838,231.0,7.0,8.0,23.0,35.0,111.0,190.0,41.0,1.3535776992273005,446.68064074500916,4.447469583175415,6.767888496136503,21.46387494489005,1.5469459419740577,36.739966121883874,7.928097952617046,2292.4,443.2773596726663,88.71,1851500.0,0.7352957061841751,49.0,5.3,27352.9,28006.0,34747.0,12.0
77,Омская область,2023,508970.0,404415.0,"[np.float64(33.44522144522125), np.float64(45.55055011654986), np.float64(-3.695308337831875), np.float64(55.06800665196903), np.float64(112.69414510978731), np.float64(-54.17360902988628), np.float64(51.33055482018051), np.float64(-5.4679893604056815), np.float64(-192.25239682699726)]",240.2195607759898,42.49917458858687,47.19719448611702,10.508802736937765,635.0,170.0,25.0,94.0,140.0,81.0,517.0,118.0,33.40078983044187,1247.6177377841523,18.468672023891386,27.506532801540363,15.914493978034068,4.9118808574179225,101.57769613140263,23.184077647012593,2292.4,450.39982710179385,88.71,1851500.0,0.7352957061841751,49.0,5.3,27352.9,28006.0,34747.0,12.0
78,Оренбургская область,2022,521698.0,411290.0,"[np.float64(5.293557495808841), np.float64(-2.9186686329540663), np.float64(14.319594844818255), np.float64(171.5211126473514), np.float64(39.111098950632936), np.float64(-52.90900933011574), np.float64(122.23238162856364), np.float64(77.33743303302356), np.float64(-8.19002901956037)]",296.6500676041053,365.7974716175685,56.8624122776214,88.93906285530123,408.0,0.0,15.0,33.0,107.0,198.0,302.0,106.0,0.0,782.061652526941,6.325498660144374,20.509950201074187,37.95299196086625,2.8752266637019885,57.88789682920003,20.31826842349405,704.0,134.94397141641332,79.29,1855800.0,0.5974242914107124,65.8,3.5,23942.0,25403.0,30334.0,13.1
79,Оренбургская область,2023,514126.0,407001.0,"[np.float64(4.987762025966987), np.float64(-1.9891933463360516), np.float64(11.558966668384926), np.float64(196.23791281910235), np.float64(62.11606940656134), np.float64(-49.135408234316515), np.float64(135.45360064640863), np.float64(104.76837827331167), np.float64(-7.132630443430344)]",359.22970998577165,456.865457815653,69.87192049921063,112.251679434609,832.0,174.0,29.0,183.0,219.0,73.0,620.0,212.0,33.843843727024115,1618.2803437289692,35.594387368077086,42.59656193228897,14.198853977429659,5.640640621170686,120.59300638364914,41.23502798924777,704.0,136.93141370014357,79.29,1855800.0,0.5974242914107124,65.8,3.5,23942.0,25403.0,30334.0,13.1
80,Орловская область,2022,197884.0,154041.0,"[np.float64(0.7800000000000864), np.float64(31.046218487394754), np.float64(47.21173807035916), np.float64(56.74441558441697), np.float64(64.8569918969929), np.float64(93.11124343813503), np.float64(20.39046469793425), np.float64(-9.2568010756371), np.float64(82.93549117995246)]",314.14107217523315,387.8197622795485,158.75011227549126,251.76398639293987,150.0,0.0,24.0,29.0,37.0,47.0,140.0,10.0,0.0,758.019850013139,14.655050433587354,18.697822966990763,23.75128863374502,12.128317600210224,70.74851933455963,5.05346566675426,331.6,167.57292150957127,95.34,710000.0,0.6666197183098592,41.2,4.0,27467.4,27748.0,34138.0,11.5
81,Орловская область,2023,194702.0,152068.0,"[np.float64(1.4599999999999795), np.float64(35.56617647058806), np.float64(52.99035179380121), np.float64(66.57051948051947), np.float64(81.70385281385586), np.float64(108.34829662423954), np.float64(25.240690189679526), np.float64(2.599417705581004), np.float64(99.73056660225495)]",371.87988737268364,474.2098716805196,190.99952099756737,311.84067106854803,222.0,35.0,0.0,55.0,58.0,21.0,213.0,9.0,17.97618925332046,1140.2040040677548,28.248297398075007,29.78911361978819,10.785713551992275,0.0,109.39795174163595,4.622448665139546,331.6,170.31155304003042,95.34,710000.0,0.6666197183098592,41.2,4.0,27467.4,27748.0,34138.0,11.5
82,Пензенская область,2022,355464.0,276458.0,"[np.float64(-13.203809523809582), np.float64(4.747575757575987), np.float64(60.887640465464074), np.float64(26.30780863511012), np.float64(56.12401335307209), np.float64(-33.03866536723285), np.float64(172.2277752264706), np.float64(-28.573944279979514), np.float64(287.3249981608378)]",274.05233854665045,532.8033924275087,77.0970727124689,192.7248957988225,295.0,32.0,7.0,58.0,67.0,74.0,261.0,34.0,9.002318096909955,829.9011995588864,16.31670155064929,18.848603515405216,20.817860599104268,1.9692570836990524,73.42515697792182,9.564962977966827,586.8,165.08000810208628,87.57,1261100.0,0.6874950440091984,67.8,3.7,24541.3,25816.0,30111.0,11.5
83,Пензенская область,2023,349030.0,271758.0,"[np.float64(-13.56190476190477), np.float64(6.8869696969698), np.float64(71.7969597183569), np.float64(29.264950762592605), np.float64(65.2126469267755), np.float64(-39.524019064574134), np.float64(194.48042437527226), np.float64(-23.133641183440886), np.float64(326.48322996046045)]",314.5560276534882,617.9056164305077,90.12291999355018,227.3734780321123,237.0,15.0,12.0,46.0,77.0,38.0,212.0,25.0,4.297624846001776,679.0247256682807,13.179382861072114,22.06114087614245,10.887316276537833,3.438099876801421,60.739764490158436,7.1627080766696265,586.8,168.12308397558948,87.57,1261100.0,0.6874950440091984,67.8,3.7,24541.3,25816.0,30111.0,11.5
84,Пермский край,2022,704725.0,564137.0,"[np.float64(-7.57692043125769), np.float64(52.76645934640521), np.float64(26.510875662994806), np.float64(-192.67205734401455), np.float64(167.06864809213096), np.float64(141.30252082302195), np.float64(-32.10890907149985), np.float64(221.99520666576257), np.float64(-250.08443237897268)]",155.29061707778084,127.20139136457072,22.035633343187886,22.547961109547984,340.0,16.0,16.0,39.0,103.0,135.0,303.0,37.0,2.2703891588917666,482.4576962645003,5.53407357479868,14.615630210365746,19.156408528149278,2.2703891588917666,42.99549469651282,5.250274929937209,1829.0,259.53386072581503,89.41,2525100.0,0.7567225060393648,59.9,3.4,29347.6,30768.0,37253.0,11.5
85,Пермский край,2023,697698.0,558369.0,"[np.float64(-10.303158157356222), np.float64(56.17563878856484), np.float64(29.259343125255185), np.float64(-211.0456851471023), np.float64(207.4927333843019), np.float64(169.7729444011685), np.float64(-38.28440652788902), np.float64(234.9664192663074), np.float64(-297.7347955744069)]",203.0674098669429,140.2990335588434,29.105344986934593,25.12658001408449,1016.0,101.0,50.0,262.0,375.0,78.0,902.0,114.0,14.476177371871497,1456.2174465169744,37.55206407356765,53.74818331140408,11.179622128772047,7.166424441520544,129.2822969250306,16.339447726666837,1829.0,262.1478060708215,89.41,2525100.0,0.7567225060393648,59.9,3.4,29347.6,30768.0,37253.0,11.5
86,Приморский край,2022,557811.0,445040.0,"[np.float64(57.496470588232114), np.float64(-59.93210601906168), np.float64(30.837271435578714), np.float64(134.79039837096207), np.float64(-48.39098115059369), np.float64(208.79304030794145), np.float64(179.07090016179063), np.float64(-244.05295655086934), np.float64(-87.37683467962552)]",502.6649936948496,171.23520246435476,90.11385463801352,38.476362229092835,335.0,53.0,0.0,21.0,16.0,194.0,316.0,19.0,9.501426110277494,600.5618390458417,3.7647160059590075,2.868355052159244,34.77880500743083,0.0,56.65001228014507,3.4061716244391023,3181.8,570.4082565600177,94.42,1842000.0,0.7846362649294245,37.6,3.4,36456.6,39421.0,45834.0,11.4
87,Приморский край,2023,546094.0,434528.0,"[np.float64(70.51731092437149), np.float64(-62.188562475518154), np.float64(32.908042338263044), np.float64(146.7365238843522), np.float64(-56.315818731801755), np.float64(240.83434736359806), np.float64(210.17496269365017), np.float64(-260.1620090571439), np.float64(-104.75279958292003)]",582.6668059969151,217.75199735685112,106.6971631251973,50.11230515797627,841.0,95.0,15.0,118.0,217.0,118.0,801.0,40.0,17.396272436613476,1540.0279072833616,21.60800155284621,39.73674861836973,21.60800155284621,2.7467798584126544,146.67804443923572,7.324746289100411,3181.8,582.6469435664923,94.42,1842000.0,0.7846362649294245,37.6,3.4,36456.6,39421.0,45834.0,11.4
88,Псковская область,2022,168436.0,132599.0,"[np.float64(4.19666666666663), np.float64(5.031111111110931), np.float64(4.906593406593402), np.float64(-87.75166750460903), np.float64(12.585702838827984), np.float64(-203.25627403359806), np.float64(-30.433661395984416), np.float64(-28.998034479373814), np.float64(-69.016760454429)]",-294.72152891099256,-392.7363238447954,-174.9753787260399,-296.183473363144,130.0,0.0,0.0,0.0,15.0,106.0,129.0,1.0,0.0,771.8065021729321,0.0,8.90545964045691,62.931914792562154,0.0,76.58695290792943,0.593697309363794,748.8,444.5605452516089,95.78,596900.0,0.7089964818227509,66.6,4.0,26488.6,29269.0,33090.0,14.3
89,Псковская область,2023,164368.0,129509.0,"[np.float64(4.498333333333306), np.float64(6.733333333333121), np.float64(5.6958791208791695), np.float64(-94.5334338863754), np.float64(14.371062271062073), np.float64(-230.25905234398317), np.float64(-30.83205358912437), np.float64(-26.546780533723393), np.float64(-80.09174821891907)]",-324.3259317608753,-430.96446051351774,-197.31695449289114,-332.76796246864524,196.0,25.0,5.0,31.0,22.0,59.0,187.0,9.0,15.209773191862162,1192.4462182419934,18.86011875790908,13.384600408838704,35.8950647327947,3.0419546383724323,113.76910347512899,5.475518349070379,748.8,455.56312664265545,95.78,596900.0,0.7089964818227509,66.6,4.0,26488.6,29269.0,33090.0,14.3
90,Республика Адыгея,2022,143687.0,115685.0,"[np.float64(-9.166666666666515), np.float64(17.20888888888885), np.float64(11.633846153846207), np.float64(-5.198817900365839), np.float64(-42.52437092731884), np.float64(29.40563650075414), np.float64(33.53337296842544), np.float64(72.54404931841191), np.float64(52.61386958290146)]",34.89188901756344,160.0498079188768,24.283260850016664,138.34966323972583,107.0,0.0,9.0,27.0,15.0,41.0,83.0,24.0,0.0,744.6741876439762,18.790843987277903,10.439357770709947,28.534244573273853,6.263614662425968,57.7644463312617,16.702972433135912,316.0,219.92247036962286,64.43,498300.0,0.4944812362030905,38.4,7.1,29281.9,30511.0,36397.0,11.6
91,Республика Адыгея,2023,142575.0,114856.0,"[np.float64(-10.499999999999773), np.float64(18.211111111110995), np.float64(12.783076923077033), np.float64(-4.074247115114019), np.float64(-49.58466165413529), np.float64(30.363809389140158), np.float64(35.70104109593299), np.float64(86.79399279111203), np.float64(65.56850690219869)]",32.9001297500121,185.26262944332282,23.07566526390468,161.2999141910939,68.0,5.0,8.0,6.0,24.0,10.0,50.0,18.0,3.5069261792039277,476.9419603717342,4.208311415044713,16.833245660178854,7.013852358407855,5.611081886726285,35.06926179203928,12.624934245134138,316.0,221.63773452568824,64.43,498300.0,0.4944812362030905,38.4,7.1,29281.9,30511.0,36397.0,11.6
92,Республика Алтай,2022,57851.0,47616.0,"[np.float64(11.89696969696979), np.float64(-86.77142857142826), np.float64(-7.833333333333371), np.float64(6.689075630252098), np.float64(4.720727272727231), np.float64(10.136084656083767), np.float64(32.872049689441894), np.float64(-26.667327281689495), np.float64(-8.93305368612846)]",-28.289854959286856,-63.89023592710481,-48.90123759189444,-134.17808284422213,30.0,0.0,0.0,15.0,0.0,15.0,20.0,10.0,0.0,518.573576947676,25.9286788473838,0.0,25.9286788473838,0.0,34.571571796511726,17.285785898255863,308.4,533.0936371022109,53.7,210800.0,0.310246679316888,55.1,9.8,21882.7,23272.0,27940.0,20.0
93,Республика Алтай,2023,57965.0,47803.0,"[np.float64(11.053030303030255), np.float64(-98.33714285714086), np.float64(-9.270833333333485), np.float64(6.720448179271706), np.float64(3.2872727272729207), np.float64(15.772486772486445), np.float64(39.642313664596145), np.float64(-34.015988252692296), np.float64(-15.051177355959538)]",-31.13242454381688,-80.19959015246872,-53.709004647316284,-167.77103979346217,159.0,15.0,3.0,54.0,38.0,15.0,115.0,44.0,25.877684809799018,2743.034589838696,93.15966531527647,65.55680151815751,25.877684809799018,5.1755369619598035,198.39558354179243,75.90787544207711,308.4,532.0451996894677,53.7,210800.0,0.310246679316888,55.1,9.8,21882.7,23272.0,27940.0,20.0
94,Республика Башкортостан,2022,1184372.0,932143.0,"[np.float64(55.83402609086909), np.float64(-1.006392025022592), np.float64(-17.568719644691896), np.float64(276.1636466010443), np.float64(82.08348397349528), np.float64(94.04742407051799), np.float64(387.9999865346525), np.float64(66.03451244540724), np.float64(-328.0467936764135)]",877.5534556008647,615.5411743698585,74.09441084396327,66.03505839445863,582.0,40.0,15.0,79.0,174.0,221.0,232.0,350.0,3.377317261806257,491.3996615928104,6.670201592067358,14.691330088857217,18.65967787147957,1.2664939731773464,19.58844011847629,29.55152604080475,1452.6000000000004,122.64727636249425,37.49,4091600.0,0.6206129631440024,58.1,3.4,28468.7,30479.0,35269.0,10.1
95,Республика Башкортостан,2023,1174354.0,929998.0,"[np.float64(59.36469635627623), np.float64(0.614589354709068), np.float64(-14.937128344103144), np.float64(316.23107293056785), np.float64(107.25378812971758), np.float64(121.15595422171668), np.float64(458.50001810506365), np.float64(79.64885988699189), np.float64(-361.74372540603736)]",1048.182990753948,766.0881252349025,89.25613492643171,82.37524438062259,1125.0,201.0,30.0,390.0,284.0,112.0,451.0,674.0,17.11579302322809,957.9734901060498,33.20974765700972,24.183508550232723,9.537158301500229,2.554595973616133,38.40409280336253,57.39325620724245,1452.6000000000004,123.69353704249318,37.49,4091600.0,0.6206129631440024,58.1,3.4,28468.7,30479.0,35269.0,10.1
96,Республика Бурятия,2022,278890.0,233148.0,"[np.float64(7.394480519481249), np.float64(38.22679738562147), np.float64(11.053553418120714), np.float64(128.8848267622443), np.float64(177.777759137492), np.float64(-132.79107962239345), np.float64(-53.85088616750011), np.float64(50.66143405784544), np.float64(64.81405301799111)]",176.69545143306618,292.17093850890274,63.35668235973545,125.31565293671949,427.0,38.0,8.0,58.0,24.0,284.0,264.0,163.0,13.625443723331779,1531.0695973322815,20.7967298935064,8.605543404209545,101.83226361647961,2.8685144680698484,94.660977446305,58.44598228692316,1762.4,631.9337373157877,63.95,977900.0,0.5916760404949382,61.6,7.4,26491.8,27957.0,32823.0,19.0
97,Республика Бурятия,2023,278562.0,233408.0,"[np.float64(9.54870129870153), np.float64(45.03790849673351), np.float64(16.439692750487325), np.float64(150.37695639187405), np.float64(205.22359517507448), np.float64(-152.33849455312532), np.float64(-59.95940196493592), np.float64(60.662391873250385), np.float64(59.629433391050725)]",214.32895759480965,334.62078285911076,76.9412043260781,143.36303076977256,865.0,202.0,15.0,219.0,271.0,121.0,610.0,255.0,72.51527487597016,3105.2333053323855,78.61804553384884,97.28534401677186,43.437367623724704,5.384797639304715,218.9817706650584,91.54155986818016,1762.4,632.6778239673753,63.95,977900.0,0.5916760404949382,61.6,7.4,26491.8,27957.0,32823.0,19.0
98,Республика Дагестан,2022,996630.0,816883.0,"[np.float64(-22.30321739130445), np.float64(13.905131414266577), np.float64(57.602552802974344), np.float64(2.2032945031318434), np.float64(3.1566585868909556), np.float64(55.96403348128365), np.float64(5.170774537866237), np.float64(45.1833264391239), np.float64(-75.59404700645302)]",115.69922793510915,85.28850736778003,11.609045276091344,10.440724971358202,415.0,23.0,7.0,31.0,23.0,211.0,15.0,400.0,2.307777209194987,416.4032790503998,3.1104823254367218,2.307777209194987,21.171347440875753,0.7023669767115178,1.5050720929532524,40.13525581208673,-1577.0000000000002,-158.23324603915196,3.26,3186900.0,0.4522576798769964,38.4,12.1,26774.7,29242.0,33343.0,14.2
99,Республика Дагестан,2023,1002243.0,822497.0,"[np.float64(-21.557202898550663), np.float64(18.991745932414915), np.float64(61.46476449398057), np.float64(9.327981072148333), np.float64(16.497761927994304), np.float64(80.29647076004687), np.float64(16.494266434617998), np.float64(54.26289704554188), np.float64(-84.20721892103768)]",181.51578772265233,151.57146584715653,18.1109558981856,18.42820895968697,463.0,72.0,16.0,113.0,43.0,87.0,37.0,426.0,7.183886542485206,461.9638151625903,11.274710823622614,4.290376685095332,8.680529572169624,1.5964192316633792,3.691719473221564,42.50466204303746,-1577.0000000000002,-157.34707052082183,3.26,3186900.0,0.4522576798769964,38.4,12.1,26774.7,29242.0,33343.0,14.2
100,Республика Ингушетия,2022,163710.0,137992.0,"[np.float64(10.0), np.float64(-13.514285714285961), np.float64(0.3166666666668334), np.float64(8.008888888888805), np.float64(-13.627272727272583), np.float64(-32.90236822001498), np.float64(2.5650937297993437), np.float64(-63.304343741590344), np.float64(-55.6908077210428)]",-39.15327737621854,-158.1484288388517,-23.91624053278269,-114.60695463421915,19.0,0.0,0.0,0.0,0.0,7.0,0.0,19.0,0.0,116.05888461303525,0.0,0.0,4.275853643638141,0.0,0.0,11.605888461303524,-126.0,-76.96536558548654,0.67,511300.0,0.5482104439663603,52.5,28.5,17329.0,11361.0,20781.0,30.5
101,Республика Ингушетия,2023,166660.0,140439.0,"[np.float64(10.0), np.float64(-12.171428571428578), np.float64(-1.6875), np.float64(8.586666666666588), np.float64(-14.268668831168725), np.float64(-36.91122994652392), np.float64(1.0144634776984844), np.float64(-69.71110574520361), np.float64(-66.40718318741699)]",-45.43769720475615,-181.55598613737675,-27.263708871208536,-129.27747003138498,23.0,0.0,0.0,8.0,0.0,15.0,0.0,23.0,0.0,138.00552022080882,4.800192007680307,0.0,9.000360014400577,0.0,0.0,13.800552022080883,-126.0,-75.60302412096483,0.67,511300.0,0.5482104439663603,52.5,28.5,17329.0,11361.0,20781.0,30.5
102,Республика Калмыкия,2022,77761.0,61342.0,"[np.float64(-4.519999999999996), np.float64(-41.161212121211065), np.float64(12.403174603174193), np.float64(3.9777777777776464), np.float64(10.124502164502246), np.float64(3.757115251897716), np.float64(-13.470032190031816), np.float64(-28.7561021680267), np.float64(56.72671486408336)]",-28.888674513891075,-0.9180618178344133,-37.15059543201743,-1.4966284402765044,61.0,0.0,1.0,8.0,15.0,26.0,21.0,40.0,0.0,784.4549324211366,10.287933539949332,19.289875387404997,33.43578400483533,1.2859916924936665,27.005825542366996,51.439667699746664,94.20000000000002,121.14041743290339,25.71,266400.0,0.4677177177177177,69.3,8.1,20097.0,15205.0,23684.0,20.9
103,Республика Калмыкия,2023,77528.0,61949.0,"[np.float64(-4.674999999999983), np.float64(-46.67878787878726), np.float64(14.041269841269695), np.float64(9.022222222222808), np.float64(11.909264069264282), np.float64(2.9401242236021687), np.float64(-18.084781884781535), np.float64(-34.79526278074627), np.float64(57.48095936957782)]",-31.525689407209825,-8.839992818378278,-40.66361754103011,-14.269790986744383,121.0,32.0,3.0,40.0,17.0,12.0,50.0,71.0,41.27541017438861,1560.726447219069,51.59426271798576,21.92756165514395,15.47827881539573,3.8695697038489323,64.4928283974822,91.57981632442473,94.20000000000002,121.50448870085648,25.71,266400.0,0.4677177177177177,69.3,8.1,20097.0,15205.0,23684.0,20.9
104,Республика Карелия,2022,146965.0,115125.0,"[np.float64(14.167619047619155), np.float64(14.224999999999454), np.float64(36.42363143610601), np.float64(-7.649523809523842), np.float64(32.02240245290514), np.float64(15.943124961582498), np.float64(33.38270151751203), np.float64(-51.85701512644977), np.float64(27.24214765017939)]",138.51495560620043,113.90008812993005,94.25030150457621,98.93601574803913,63.0,0.0,0.0,9.0,21.0,25.0,59.0,4.0,0.0,428.67349368897356,6.1239070526996215,14.28911645629912,17.01085292416562,0.0,40.14561290103086,2.721736467866499,664.0,451.80825366583883,86.4,532400.0,0.7941397445529678,81.5,5.8,33367.9,36607.0,44880.0,12.9
105,Республика Карелия,2023,145039.0,113814.0,"[np.float64(16.362857142857138), np.float64(20.36666666666588), np.float64(41.104028878775466), np.float64(-7.314761904761895), np.float64(36.78657192252706), np.float64(25.75147827155905), np.float64(36.431129190468255), np.float64(-54.604526111123846), np.float64(23.694783776118925)]",169.48797016809095,138.57822783308603,116.85682483200446,121.7585075940447,259.0,18.0,13.0,32.0,65.0,69.0,243.0,16.0,12.410455118968002,1785.7265976737292,22.06303132260978,44.81553237405112,47.57341128937734,8.963106474810223,167.54114410606803,11.03151566130489,664.0,457.80789994415295,86.4,532400.0,0.7941397445529678,81.5,5.8,33367.9,36607.0,44880.0,12.9
106,Республика Коми,2022,216075.0,170869.0,"[np.float64(-0.45714285714262815), np.float64(-7.994935064934566), np.float64(6.712916646190763), np.float64(42.36518395632726), np.float64(-3.550773884750015), np.float64(94.74947152734279), np.float64(94.35261217542697), np.float64(-31.876012982810266), np.float64(-120.74921207526586)]",226.17733249846057,73.55210744038445,104.67538238966127,43.04590501517797,165.0,0.0,23.0,22.0,44.0,61.0,152.0,13.0,0.0,763.6237417563345,10.181649890084461,20.363299780168923,28.230938331597827,10.644452157815573,70.345944695129,6.0164294805044545,407.8,188.73076478074742,69.69,734400.0,0.775462962962963,58.4,6.7,34633.8,32321.0,46638.0,14.0
107,Республика Коми,2023,212507.0,168294.0,"[np.float64(0.2714285714287712), np.float64(-10.391850649350204), np.float64(6.877431673744866), np.float64(54.842590364152215), np.float64(-5.267686209373096), np.float64(108.44214114807505), np.float64(105.0822539594927), np.float64(-26.12059201503888), np.float64(-136.0613010342331)]",259.85630885817034,97.67441580889835,122.28129372593389,58.03796677772133,397.0,53.0,19.0,65.0,133.0,81.0,369.0,28.0,24.94035490595604,1868.1737542763296,30.587227714851746,62.58617363192742,38.11639146004602,8.940881947418204,173.641338873543,13.176036554089983,407.8,191.89956095563912,69.69,734400.0,0.775462962962963,58.4,6.7,34633.8,32321.0,46638.0,14.0
108,Республика Крым,2022,545112.0,432292.0,"[np.float64(-45.0084980237159), np.float64(51.84709709709699), np.float64(-24.49168629228427), np.float64(-31.832975637833442), np.float64(33.76436582921383), np.float64(-23.584310652765225), np.float64(154.94214796801032), np.float64(-252.29290284977276), np.float64(43.83604365419296)]",115.6361402877223,-92.8207189078575,21.213280993212823,-21.47176420286693,241.0,6.0,23.0,24.0,28.0,129.0,218.0,23.0,1.1006912340950117,442.110979028163,4.402764936380047,5.136559092443387,23.66486153304275,4.219316397364211,39.99178150545209,4.219316397364211,777.2,142.57620452310718,72.94,1931100.0,0.5044793123090467,45.2,5.0,24681.1,24649.0,28699.0,14.5
109,Республика Крым,2023,539566.0,428682.0,"[np.float64(-50.32213438735255), np.float64(53.24359359359346), np.float64(-29.218142971596592), np.float64(-39.87785165915466), np.float64(29.581564346899086), np.float64(-27.385442586326917), np.float64(164.45142855310098), np.float64(-278.1710452270345), np.float64(58.50719222490943)]",100.47301488916281,-119.19083811296224,18.6210796990846,-27.804022121983717,266.0,31.0,14.0,68.0,45.0,38.0,240.0,26.0,5.745358306490773,492.98880952469204,12.602721446495888,8.340036251357573,7.042697278924171,2.5946779448668007,44.48019334057372,4.818687611895487,777.2,144.04169276789122,72.94,1931100.0,0.5044793123090467,45.2,5.0,24681.1,24649.0,28699.0,14.5
110,Республика Марий Эл,2022,190664.0,151314.0,"[np.float64(-5.076190476190391), np.float64(22.08585858585775), np.float64(65.43917888563192), np.float64(32.798780487804706), np.float64(137.1685055159886), np.float64(29.63422139174122), np.float64(-25.68539950438634), np.float64(29.005764961716068), np.float64(-61.3385912392273)]",256.3649548864475,224.03212860893626,134.45902471701396,148.0577663725341,143.0,7.0,2.0,8.0,22.0,76.0,123.0,20.0,3.6713800193009694,750.010489657198,4.1958628792011075,11.538622917803046,39.86069735241052,1.0489657198002769,64.51139176771703,10.489657198002769,280.2,146.9600973440188,52.51,676400.0,0.685097575399172,48.2,3.6,21497.5,19832.0,25696.0,16.2
111,Республика Марий Эл,2023,188425.0,150229.0,"[np.float64(-5.473015873015811), np.float64(24.681818181818016), np.float64(75.0298826979515), np.float64(31.17652439024407), np.float64(152.28243611227242), np.float64(32.62985398085192), np.float64(-18.325108833971058), np.float64(33.1667413684512), np.float64(-69.71524715459032)]",292.0023906561511,255.45388487001196,154.97008924301502,170.04299094716197,193.0,67.0,8.0,50.0,30.0,8.0,181.0,12.0,35.557914289505106,1024.280217593207,26.535756932466498,15.921454159479898,4.24572110919464,4.24572110919464,96.05944009552873,6.36858166379196,280.2,148.70638184954225,52.51,676400.0,0.685097575399172,48.2,3.6,21497.5,19832.0,25696.0,16.2
112,Республика Мордовия,2022,230866.0,178274.0,"[np.float64(9.853333333333467), np.float64(45.699465240643804), np.float64(-24.42060606060562), np.float64(-18.629371816637672), np.float64(86.19391391391082), np.float64(67.71150796955055), np.float64(-22.539045477771936), np.float64(39.69686400537603), np.float64(116.8306324977325)]",143.8691971024234,300.39669360553194,62.3171870706052,168.50280669392728,71.0,0.0,0.0,7.0,24.0,24.0,67.0,4.0,0.0,307.53770585534465,3.0320618887146655,10.395640761307426,10.395640761307426,0.0,29.021163791983227,1.7326067935512375,204.39999999999998,88.53620715046823,54.09,781400.0,0.6343742001535705,46.3,3.6,21204.9,20288.0,25504.0,15.0
113,Республика Мордовия,2023,225836.0,174534.0,"[np.float64(12.613333333333685), np.float64(55.808422459895155), np.float64(-25.561818181817898), np.float64(-24.231069609506903), np.float64(104.18722722722441), np.float64(84.9477492328707), np.float64(-22.061571793561455), np.float64(47.81407703683021), np.float64(138.60105082035585)]",185.7022726684377,372.1174005256238,82.22881766788187,213.2062523781176,251.0,60.0,3.0,45.0,23.0,38.0,227.0,24.0,26.567951965142843,1111.4259905418091,19.925963973857137,10.184381586638091,16.826369577923803,1.3283975982571423,100.51541826812377,10.627180786057139,204.39999999999998,90.50815636125328,54.09,781400.0,0.6343742001535705,46.3,3.6,21204.9,20288.0,25504.0,15.0
114,Якутия,2022,309111.0,256409.0,"[np.float64(-13.26990553306348), np.float64(70.53111280876396), np.float64(9.862987012987105), np.float64(32.735130213824334), np.float64(-91.2054604025684), np.float64(67.1913719072295), np.float64(-73.62879875679891), np.float64(53.61626942443286), np.float64(-126.18598724020671)]",2.216437250374099,-70.35328056539976,0.717036032484803,-27.437913866283846,75.0,15.0,0.0,15.0,7.0,22.0,60.0,15.0,4.852625755796462,242.63128778982306,4.852625755796462,2.264558686038349,7.11718444183481,0.0,19.410503023185846,4.852625755796462,850.0,274.9821261617995,32.63,997800.0,0.6698737221888154,42.0,6.5,43912.2,41009.0,57715.0,15.5
115,Якутия,2023,307385.0,255714.0,"[np.float64(-13.721187584345557), np.float64(86.09340463458216), np.float64(11.701298701298583), np.float64(35.74287448976844), np.float64(-105.0039631042298), np.float64(86.20175095907189), np.float64(-86.62227816627774), np.float64(65.94737218549687), np.float64(-149.65469668478022)]",14.391899929867975,-69.31542456941537,4.682043668320827,-27.106620900465117,451.0,119.0,16.0,70.0,138.0,25.0,397.0,54.0,38.7136652731916,1467.2153813621355,22.772744278348,44.89483872017177,8.133122956552857,5.205198692193829,129.15399255005937,17.56754558615417,850.0,276.5261805227971,32.63,997800.0,0.6698737221888154,42.0,6.5,43912.2,41009.0,57715.0,15.5
116,Северная Осетия,2022,199586.0,160846.0,"[np.float64(-2.3809523809522943), np.float64(10.454212454212495), np.float64(-44.7948717948741), np.float64(10.299616858236277), np.float64(-40.08119658119631), np.float64(97.03725490196018), np.float64(-7.829611940299401), np.float64(-13.591638795167142), np.float64(-17.71642337507467)]",22.704451517086852,-8.60361065315496,11.375773609915951,-5.348973958416721,201.0,0.0,18.0,30.0,8.0,114.0,75.0,126.0,0.0,1007.0846652570822,15.031114406822123,4.008297175152565,57.11823474592407,9.018668644093273,37.5777860170553,63.13068050865291,-123.60000000000002,-61.928191356107156,18.91,685400.0,0.6320396848555588,47.4,11.9,23920.4,23959.0,29235.0,13.0
117,Северная Осетия,2023,198055.0,159787.0,"[np.float64(-2.9904761904761017), np.float64(9.341117216117254), np.float64(-51.38461538461593), np.float64(17.110727969348773), np.float64(-47.84829059829099), np.float64(110.64436274509899), np.float64(-11.293014925373427), np.float64(-16.444112208546017), np.float64(-19.29123655336923)]",23.579810831808572,-12.155537930106675,11.90568823397974,-7.607338475662397,300.0,56.0,0.0,86.0,39.0,53.0,74.0,226.0,28.274974123349576,1514.730756608013,43.4222816894297,19.691499835904168,26.76024336674156,0.0,37.363358662997655,114.10971699780364,-123.60000000000002,-62.40690717225014,18.91,685400.0,0.6320396848555588,47.4,11.9,23920.4,23959.0,29235.0,13.0
118,Республика Татарстан,2022,1148557.0,913209.0,"[np.float64(-10.726807413235463), np.float64(28.714296814297313), np.float64(82.36192776244559), np.float64(77.77682632779033), np.float64(79.48189112553814), np.float64(124.53881366808059), np.float64(-17.08448723997799), np.float64(205.6488376367381), np.float64(45.401380909351246)]",365.0624610449385,616.1126795910279,31.784444398052386,67.46677700187229,455.0,15.0,7.0,83.0,155.0,165.0,255.0,200.0,1.305986555303742,396.14925510880175,7.226458939347372,13.495194404805334,14.365852108341162,0.6094603924750795,22.20177144016361,17.41315407071656,2331.3999999999996,202.9851370023429,40.34,4000100.0,0.7677058073548162,52.1,2.3,36280.5,35993.0,44932.0,5.0
119,Республика Татарстан,2023,1140822.0,910091.0,"[np.float64(-10.466469971151383), np.float64(38.06871600621719), np.float64(87.73055455469489), np.float64(95.07844509611914), np.float64(109.70307192173613), np.float64(150.46713938094786), np.float64(-19.271768708573063), np.float64(233.16303693872578), np.float64(38.219413846038606)]",451.3096882799907,722.6921390647551,39.56004427333894,79.40877770077444,1346.0,322.0,47.0,368.0,292.0,82.0,733.0,613.0,28.225262135547876,1179.8510197033365,32.25744244062614,25.59557932788814,7.1877996742699555,4.119836398666926,64.25191660048633,53.73318536984735,2331.3999999999996,204.3614165925972,40.34,4000100.0,0.7677058073548162,52.1,2.3,36280.5,35993.0,44932.0,5.0
120,Республика Тыва,2022,92263.0,77704.0,"[np.float64(11.32261437908494), np.float64(-15.302489780751102), np.float64(4.143174603174373), np.float64(-25.55001394192891), np.float64(-3.0974954627948534), np.float64(-28.490851897975176), np.float64(-0.5109806938272641), np.float64(-75.64363837262741), np.float64(26.30604178912776)]",-57.486042795017994,-106.82363937851764,-62.30671319490803,-137.47508413790493,164.0,7.0,0.0,7.0,22.0,128.0,19.0,145.0,7.587006709081646,1777.5272861277,7.587006709081646,23.84487822854232,138.7338369660644,0.0,20.593303924650186,157.15942468811983,522.4,566.2074721177504,10.12,336300.0,0.5480225988700566,62.6,9.5,18691.1,14320.0,23049.0,27.2
121,Республика Тыва,2023,92946.0,78378.0,"[np.float64(11.180915032679707), np.float64(-16.63563730955036), np.float64(1.3640634920628827), np.float64(-27.62239939729318), np.float64(-4.201524500907084), np.float64(-34.302207462755746), np.float64(-5.122977793938617), np.float64(-83.71303251656434), np.float64(29.309067361626035)]",-75.3397679397024,-129.7437330946407,-81.05756884610676,-165.53590688029894,360.0,52.0,10.0,48.0,159.0,62.0,35.0,325.0,55.946463537968285,3873.2167064747273,51.642889419663035,171.0670712026338,66.70539883373141,10.758935295763132,37.65627353517096,349.6653971123018,522.4,562.046779850666,10.12,336300.0,0.5480225988700566,62.6,9.5,18691.1,14320.0,23049.0,27.2
122,Республика Хакасия,2022,146164.0,118953.0,"[np.float64(-6.646753246753178), np.float64(12.49166666666622), np.float64(1.2692307692307736), np.float64(20.456357832773392), np.float64(99.34344921629508), np.float64(30.385178197167704), np.float64(-37.26237997808448), np.float64(121.14714835426861), np.float64(57.60244586331601)]",120.03674945729551,298.78634367488013,82.12470201779885,251.18016668337927,76.0,8.0,1.0,12.0,10.0,37.0,67.0,9.0,5.473303959935415,519.9638761938644,8.209955939903121,6.841629949919269,25.314030814701297,0.6841629949919269,45.8389206644591,6.157466954927342,758.4000000000001,518.8692154018775,82.14,533000.0,0.6848030018761726,48.3,3.3,24716.9,24919.0,28963.0,18.0
123,Республика Хакасия,2023,145499.0,118455.0,"[np.float64(-7.467532467532465), np.float64(13.999999999999886), np.float64(4.753846153846212), np.float64(21.91225801102655), np.float64(113.39086558684357), np.float64(32.53359008704621), np.float64(-39.61289341691392), np.float64(134.83207941033436), np.float64(60.023478936522906)]",139.51013395431605,334.36569230117334,95.88391257281222,282.2723332076935,236.0,57.0,14.0,37.0,80.0,23.0,207.0,29.0,39.17552697956687,1622.0042749434704,25.42972803936797,54.98319576079561,15.807668781228736,9.622059258139231,142.26901903105863,19.93140846328841,758.4000000000001,521.2406958123424,82.14,533000.0,0.6848030018761726,48.3,3.3,24716.9,24919.0,28963.0,18.0
124,Ростовская область,2022,1221483.0,974569.0,"[np.float64(-69.96163728470037), np.float64(-3.843479257869774), np.float64(39.46744757032815), np.float64(-81.72403597675338), np.float64(173.2571002868758), np.float64(132.68171644719814), np.float64(-95.01963847843263), np.float64(-93.55360012554502), np.float64(-68.72281080642324)]",94.85747330664594,-67.41893762532231,7.765762872397401,-6.917820864948743,614.0,37.0,35.0,51.0,157.0,237.0,575.0,39.0,3.02910478492128,502.667658903153,4.175252541377981,12.853228411692998,19.402644162874143,2.8653693911417513,47.073925711614486,3.1928401787008087,2472.2,202.39332025087535,91.69,4192300.0,0.678744364668559,40.9,3.5,31398.9,34963.0,40016.0,10.5
125,Ростовская область,2023,1209192.0,964547.0,"[np.float64(-78.9744133738593), np.float64(-1.8512624557017716), np.float64(59.97007672633805), np.float64(-82.60821379795846), np.float64(200.05292045846943), np.float64(145.38516290040593), np.float64(-102.94676137676242), np.float64(-91.64481071325531), np.float64(-55.687433693239655)]",139.02750908093145,-8.304735325563513,11.49755448935582,-0.8609985128317763,943.0,167.0,59.0,187.0,204.0,101.0,877.0,66.0,13.810875361398354,779.859608730458,15.464872410667619,16.870769902546492,8.352685098809783,4.879291295344329,72.52777061045724,5.458190262588571,2472.2,204.45057526017374,91.69,4192300.0,0.678744364668559,40.9,3.5,31398.9,34963.0,40016.0,10.5
126,Рязанская область,2022,308153.0,239647.0,"[np.float64(9.016103896104823), np.float64(35.662857142857774), np.float64(23.944041784301703), np.float64(8.896447485326206), np.float64(-18.30374247212916), np.float64(-89.07427859006907), np.float64(52.367831725828296), np.float64(98.76426090636551), np.float64(-134.56841990028397)]",22.509260972220574,-13.29489802169789,7.304573043981585,-5.54770058531836,154.0,11.0,8.0,14.0,44.0,77.0,140.0,14.0,3.5696553335518395,499.7517466972575,4.543197697247796,14.278621334207358,24.987587334862877,2.5961129698558834,45.43197697247796,4.543197697247796,432.59999999999997,140.38480884495686,94.57,1098600.0,0.7136355361369016,59.9,2.9,27604.4,27306.0,33379.0,11.8
127,Рязанская область,2023,304562.0,236841.0,"[np.float64(12.59740259740363), np.float64(39.06142857142913), np.float64(27.59462676453893), np.float64(9.940927675454674), np.float64(-19.173535426199493), np.float64(-107.54235966465592), np.float64(52.45597719187299), np.float64(129.32671696920352), np.float64(-161.88869214193255)]",14.934467709843943,-17.62750746288509,4.903588664982481,-7.442760106098645,172.0,24.0,8.0,16.0,27.0,38.0,157.0,15.0,7.88016889828672,564.7454377105482,5.253445932191147,8.86519001057256,12.476934088953973,2.6267229660955733,51.54943820962563,4.9251055614292,432.59999999999997,142.04004439161812,94.57,1098600.0,0.7136355361369016,59.9,2.9,27604.4,27306.0,33379.0,11.8
128,Самарская область,2022,905873.0,719510.0,"[np.float64(38.41430660842434), np.float64(-29.42949093418656), np.float64(11.072165610585216), np.float64(291.4831676170459), np.float64(277.9950224307124), np.float64(-45.03418418637284), np.float64(7.948514610638313), np.float64(-36.082852543027), np.float64(181.2282652594904)]",552.4495017568468,697.5949144733102,60.98531491244874,96.95416526154051,359.0,14.0,30.0,28.0,157.0,97.0,315.0,44.0,1.5454705019357018,396.30279299636925,3.0909410038714036,17.331347771707513,10.707902763411647,3.3117225041479323,34.77308629355329,4.857193006083635,1642.8,181.34992432714077,89.61,3164400.0,0.7959170774870433,43.8,2.7,29985.1,30264.0,37055.0,10.9
129,Самарская область,2023,894384.0,709447.0,"[np.float64(44.78289537260207), np.float64(-33.6574793901741), np.float64(25.144205901015084), np.float64(342.0809076465014), np.float64(342.4680646471354), np.float64(-40.04107590790795), np.float64(16.785972117812207), np.float64(-22.416877778317257), np.float64(195.11875947383987)]",697.5634903869841,870.2653720825067,77.99373539631569,122.66813054146493,749.0,269.0,20.0,109.0,100.0,80.0,676.0,73.0,30.076566664877724,837.447897100127,12.187158983166068,11.180879801069787,8.944703840855828,2.236175960213957,75.58274745523177,8.162042254780944,1642.8,183.67949337197444,89.61,3164400.0,0.7959170774870433,43.8,2.7,29985.1,30264.0,37055.0,10.9
130,Саратовская область,2022,706576.0,554144.0,"[np.float64(-10.054615915485556), np.float64(-8.052747356052748), np.float64(46.665344726936155), np.float64(89.0224995494579), np.float64(181.44648164209497), np.float64(94.34368167290859), np.float64(-99.46860143301524), np.float64(-35.715424665526825), np.float64(211.4897218199028)]",293.9020428868441,469.67634004122004,41.59524847813174,84.7570920268414,299.0,7.0,21.0,23.0,96.0,120.0,240.0,59.0,0.9906931455356537,423.1675007359435,3.255134621045719,13.58664885306039,16.98331106632549,2.972079436606961,33.96662213265098,8.350127940943366,1803.4,255.23085980842828,89.7,2431000.0,0.7660222130810366,40.3,3.4,23922.4,23963.0,28797.0,13.2
131,Саратовская область,2023,695852.0,546044.0,"[np.float64(-11.306715506715449), np.float64(-3.9529353701527157), np.float64(51.571368371130376), np.float64(105.19044831252518), np.float64(209.41212945470699), np.float64(96.95709008242181), np.float64(-118.99472701161426), np.float64(-27.494489660252157), np.float64(247.5222494940574)]",328.87665833230193,548.9044181661072,47.26244349837349,100.5238438964822,609.0,61.0,24.0,126.0,178.0,71.0,521.0,88.0,8.766231899886758,875.186102791973,18.107298678454615,25.5801521013089,10.203319096589505,3.4490092720865926,74.87224294821313,12.646367330984175,1803.4,259.1643050533734,89.7,2431000.0,0.7660222130810366,40.3,3.4,23922.4,23963.0,28797.0,13.2
132,Сахалинская область,2022,143051.0,114851.0,"[np.float64(-0.29285714285714093), np.float64(0.6818181818180165), np.float64(57.886059351276344), np.float64(7.5848942226821805), np.float64(-23.024473708062146), np.float64(-39.689643624731445), np.float64(-27.397790474981917), np.float64(14.984869691591314), np.float64(-96.19063050115574)]",-24.251993194856112,-105.45775400442054,-16.9533894868656,-91.82136333546991,88.0,8.0,4.0,8.0,0.0,37.0,82.0,6.0,5.592411098139824,615.1652207953806,5.592411098139824,0.0,25.86490132889669,2.796205549069912,57.3222137559332,4.194308323604869,939.2,656.5490629216155,91.2,466000.0,0.8248927038626609,37.7,4.2,54641.0,54031.0,73820.0,7.0
133,Сахалинская область,2023,139010.0,111336.0,"[np.float64(-0.2857142857142829), np.float64(-0.8246753246755816), np.float64(66.24051069703114), np.float64(7.924264249207397), np.float64(-20.489872249280808), np.float64(-40.06080871694917), np.float64(-28.929847278770524), np.float64(24.485549813325946), np.float64(-110.45994195784124)]",-16.42614290915182,-102.40053505366711,-11.816518890117129,-91.97432551346115,291.0,36.0,0.0,20.0,53.0,30.0,261.0,30.0,25.89741745198187,2093.3745773685346,14.387454139989927,38.12675347097331,21.581181209984894,0.0,187.75627652686856,21.581181209984894,939.2,675.6348464139271,91.2,466000.0,0.8248927038626609,37.7,4.2,54641.0,54031.0,73820.0,7.0
134,Свердловская область,2022,1212172.0,981035.0,"[np.float64(1.148553998801674), np.float64(-33.18788075918218), np.float64(-183.39438096932759), np.float64(30.947698882107034), np.float64(8.13934106275201), np.float64(166.3634537237906), np.float64(-120.82118254175134), np.float64(107.21174238260733), np.float64(149.9035498180997)]",-130.8043966028098,126.31089559789723,-10.790910580578482,12.875269037077906,617.0,141.0,45.0,61.0,183.0,125.0,559.0,58.0,11.63201261867128,509.00367274611193,5.032289147084738,15.096867441254211,10.31206792435397,3.712344452767429,46.115567757710956,4.784799516900242,3922.8,323.617440429246,92.32,4263700.0,0.8580575556441589,50.5,3.5,35393.6,37378.0,46187.0,8.3
135,Свердловская область,2023,1200558.0,970062.0,"[np.float64(5.143252168025015), np.float64(-27.84245570813198), np.float64(-201.22638227034236), np.float64(21.52608265154413), np.float64(44.23074124824166), np.float64(192.19692250922685), np.float64(-104.89596857855008), np.float64(111.0175224450511), np.float64(163.92462948372622)]",-70.86780797998676,204.07434394879056,-5.902905813795482,21.037247510859157,1086.0,187.0,42.0,197.0,418.0,96.0,1005.0,81.0,15.57609045127349,904.5793705926743,16.409036464710574,34.817143361670155,7.996281728996017,3.498373256435757,83.71107435042705,6.746862708840389,3922.8,326.74806215109976,92.32,4263700.0,0.8580575556441589,50.5,3.5,35393.6,37378.0,46187.0,8.3
136,Смоленская область,2022,254292.0,199375.0,"[np.float64(2.5642857142859725), np.float64(-22.7166666666663), np.float64(3.2523809523809746), np.float64(25.46201447883601), np.float64(-71.1877476780196), np.float64(-40.85745546976415), np.float64(115.79326419763112), np.float64(-98.37463830392994), np.float64(-95.0000490847483)]",12.310075528684024,-181.06461185999422,4.840921275023997,-90.81610626206606,117.0,21.0,3.0,22.0,20.0,38.0,104.0,13.0,8.258222830446888,460.1009862677552,8.651471536658645,7.864974124235131,14.943450836046749,1.1797461186352696,40.897865446022685,5.112233180752836,736.3999999999999,289.58834725433746,94.71,886900.0,0.7264629608749577,47.0,3.5,27356.7,27256.0,35094.0,12.8
137,Смоленская область,2023,248044.0,194760.0,"[np.float64(1.8571428571429465), np.float64(-24.749999999999602), np.float64(3.5950000000000273), np.float64(27.694897659912357), np.float64(-78.63330688854637), np.float64(-44.57213133552307), np.float64(130.89751279585352), np.float64(-112.6946894885757), np.float64(-107.48189850654398)]",16.089115088839804,-204.08747290627988,6.4863955946686085,-104.78921385617164,148.0,15.0,0.0,30.0,46.0,27.0,143.0,5.0,6.047314186192772,596.6683330376869,12.094628372385545,18.545096837657834,10.88516553514699,0.0,57.6510619083711,2.0157713953975906,736.3999999999999,296.8828111141571,94.71,886900.0,0.7264629608749577,47.0,3.5,27356.7,27256.0,35094.0,12.8
138,Ставропольский край,2022,859375.0,696796.0,"[np.float64(0.17460317460296437), np.float64(-10.34336007130105), np.float64(68.19241758241913), np.float64(85.40592843589161), np.float64(56.88300397278141), np.float64(120.60809032068323), np.float64(-151.45728420751334), np.float64(-25.792976254121413), np.float64(-428.5864107108712)]",169.46339920756395,-284.91598775742864,19.719377362334715,-40.88944077713257,389.0,8.0,22.0,39.0,76.0,208.0,340.0,49.0,0.9309090909090909,452.6545454545454,4.538181818181818,8.843636363636364,24.203636363636363,2.56,39.56363636363636,5.701818181818181,1306.4,152.01745454545454,82.9,2902500.0,0.605925925925926,39.2,4.3,23985.9,25153.0,27626.0,11.7
139,Ставропольский край,2023,853805.0,692364.0,"[np.float64(1.4642857142855803), np.float64(-5.975222816399082), np.float64(74.52939560439722), np.float64(101.87484025868844), np.float64(68.41754487085723), np.float64(131.93114377273974), np.float64(-164.29538878859069), np.float64(-20.466418228699922), np.float64(-479.80943587821525)]",207.94659861597847,-292.3292554909367,24.355280024827504,-42.221902856147445,749.0,74.0,46.0,117.0,185.0,173.0,647.0,102.0,8.667084404518597,877.2494890519498,13.703363180117238,21.667711011296493,20.2622378646178,5.387647062268316,75.7784271584261,11.946521746768877,1306.4,153.0091765684202,82.9,2902500.0,0.605925925925926,39.2,4.3,23985.9,25153.0,27626.0,11.7
140,Тамбовская область,2022,280469.0,214779.0,"[np.float64(3.866666666666646), np.float64(13.080963480963419), np.float64(83.08093355919209), np.float64(74.87247474747267), np.float64(56.47223188600742), np.float64(-95.41458339009307), np.float64(-12.21204699548582), np.float64(-109.285197681373), np.float64(172.9971277194519)]",123.74663995472335,187.45856999280224,44.12132533532167,87.27974801670659,135.0,5.0,0.0,6.0,28.0,74.0,126.0,9.0,1.782728215952565,481.33661830719257,2.139273859143078,9.983278009334365,26.384377596097966,0.0,44.92475104200464,3.2089107887146175,256.40000000000003,91.41830291404756,95.61,979200.0,0.6021241830065359,65.2,3.3,27696.7,27256.0,34092.0,10.5
141,Тамбовская область,2023,274107.0,210199.0,"[np.float64(3.289285714285711), np.float64(13.4247086247085), np.float64(96.27389422171927), np.float64(82.54076479076355), np.float64(69.25310776324238), np.float64(-106.68657018151077), np.float64(-14.051019310054699), np.float64(-122.556856493738), np.float64(180.43431788869407)]",144.04417162315394,201.92163301811001,52.55034407116708,96.06212827754176,254.0,23.0,15.0,101.0,30.0,39.0,241.0,13.0,8.390883851926437,926.6454340823109,36.846924741068264,10.944631111208396,14.228020444570916,5.472315555604198,87.92186992670746,4.742673481523639,256.40000000000003,93.54011389712777,95.61,979200.0,0.6021241830065359,65.2,3.3,27696.7,27256.0,34092.0,10.5
142,Тверская область,2022,346012.0,271924.0,"[np.float64(-8.58812324929977), np.float64(-11.519999999999527), np.float64(7.4342417471269755), np.float64(17.25872870248898), np.float64(8.376297030438877), np.float64(12.27856938274141), np.float64(-25.57666406499004), np.float64(-29.030759149891082), np.float64(57.86956427237726)]",-0.3369504514930952,28.501854670993083,-0.09738114617212561,10.481551709666334,76.0,7.0,8.0,14.0,15.0,18.0,66.0,10.0,2.023051223656983,219.6455614256153,4.046102447313966,4.335109764979249,5.202131717975099,2.3120585413222665,19.074482965908697,2.890073176652833,1020.2,294.845265482122,94.16,1226000.0,0.763458401305057,44.5,3.8,29379.3,28470.0,35203.0,9.6
143,Тверская область,2023,341053.0,268435.0,"[np.float64(-10.550700280112324), np.float64(-15.153333333333649), np.float64(11.643413514667714), np.float64(27.14604074824294), np.float64(1.4645052489525483), np.float64(18.506766336075827), np.float64(-17.735691214707003), np.float64(-32.39168172848372), np.float64(86.28259204240044)]",15.321001019786053,69.21191133370277,4.492263964775578,25.783489982194116,404.0,96.0,14.0,40.0,113.0,66.0,390.0,14.0,28.148117741230834,1184.566621610131,11.728382392179515,33.13268025790713,19.3518309470962,4.104933837262831,114.35172832375027,4.104933837262831,1020.2,299.13239291253853,94.16,1226000.0,0.763458401305057,44.5,3.8,29379.3,28470.0,35203.0,9.6
144,Томская область,2022,312791.0,255875.0,"[np.float64(14.270687645687758), np.float64(-3.238074425574837), np.float64(56.05619475280025), np.float64(-62.25302086649697), np.float64(147.7042235610678), np.float64(-15.668286497634085), np.float64(15.297767883291954), np.float64(55.52269710210669), np.float64(72.96158616060268)]",152.16949205314188,280.65377531585125,48.64893556820429,109.68393759290718,89.0,21.0,0.0,15.0,31.0,14.0,84.0,5.0,6.713748157715536,284.53504096984886,4.79553439836824,9.910771089961028,4.47583210514369,0.0,26.854992630862142,1.5985114661227466,554.1999999999999,177.1790109050452,93.38,1062700.0,0.7141244001129199,43.5,5.2,28578.5,27218.0,34766.0,12.7
145,Томская область,2023,307761.0,251389.0,"[np.float64(15.272581585081639), np.float64(0.9659715284716412), np.float64(70.15348442799723), np.float64(-69.03001340955814), np.float64(167.8407030856717), np.float64(-20.957538796002382), np.float64(14.436306611247062), np.float64(67.23951782958699), np.float64(77.30981422699631)]",178.68149503290874,323.23082708949204,58.05852432014087,128.57795173595187,329.0,34.0,17.0,46.0,79.0,38.0,299.0,30.0,11.04753363811529,1069.0113432176267,14.946663157450098,25.66926933562082,12.34724347789356,5.523766819057645,97.15331052342565,9.747823798337022,554.1999999999999,180.0747983012792,93.38,1062700.0,0.7141244001129199,43.5,5.2,28578.5,27218.0,34766.0,12.7
146,Тульская область,2022,426022.0,333009.0,"[np.float64(5.503267973856424), np.float64(-33.69578947368399), np.float64(7.03960553868194), np.float64(-39.776228336775205), np.float64(200.9733191768603), np.float64(124.17033027870741), np.float64(45.078536745338965), np.float64(31.467983008161923), np.float64(-80.29272818618324)]",309.2930419029858,260.4682967249645,72.60025113796607,78.21659376322097,106.0,0.0,6.0,12.0,19.0,46.0,96.0,10.0,0.0,248.8134415593561,2.8167559421813895,4.459863575120534,10.79756444502866,1.4083779710906947,22.534047537451116,2.3472966184844912,1013.2,237.82809338484867,94.1,1496700.0,0.7330126277811184,56.3,3.6,29584.2,28397.0,34442.0,9.4
147,Тульская область,2023,419856.0,327029.0,"[np.float64(6.635032679738487), np.float64(-32.041403508771594), np.float64(10.885434077232134), np.float64(-46.57454181705964), np.float64(224.32662355111972), np.float64(145.43077734027509), np.float64(39.07812625813267), np.float64(37.68633708002858), np.float64(-87.1355461188864)]",347.7400485806669,298.2908395418091,82.82364634080896,91.21235105810466,227.0,38.0,9.0,35.0,63.0,23.0,211.0,16.0,9.050722152356999,540.6615601539576,8.336191456118287,15.005144621012917,5.478068671163446,2.1435920887161313,50.25532563545596,3.810830379939789,1013.2,241.32083380968712,94.1,1496700.0,0.7330126277811184,56.3,3.6,29584.2,28397.0,34442.0,9.4
148,Тюменская область без АО,2022,445423.0,362576.0,"[np.float64(8.631354026090904), np.float64(-17.258566318143494), np.float64(-39.107429153655175), np.float64(-6.341974062274176), np.float64(42.56920907221303), np.float64(145.2611157256042), np.float64(-2.8509577217037076), np.float64(-47.273438475400326), np.float64(-165.5060828211641)]",130.90275156813158,-81.87676972843286,29.388413164145447,-22.581960672640456,150.0,7.0,14.0,29.0,14.0,67.0,119.0,31.0,1.5715398621086023,336.7585418804148,6.510665143021353,3.1430797242172046,15.041881537325194,3.1430797242172046,26.71617765584624,6.959676532195239,1886.4,423.5075422688097,85.85,1602699.9999999995,0.6757346976976354,45.0,3.9,29966.2,36159.0,36682.0,12.3
149,Тюменская область без АО,2023,443206.0,361690.0,"[np.float64(8.857103013945107), np.float64(-20.72699838412609), np.float64(-42.88214470539975), np.float64(1.5792815513366918), np.float64(60.46206799557717), np.float64(160.96215013069195), np.float64(10.324553872980687), np.float64(-57.78101556028389), np.float64(-189.82592584087888)]",178.57601347500577,-69.030927926157,40.29187634531251,-19.085661181165364,348.0,40.0,23.0,66.0,147.0,31.0,292.0,56.0,9.02514857650844,785.1879261562343,14.891495151238926,33.16742101866852,6.994490146794043,5.189460431492353,65.88358460851163,12.635208007111817,1886.4,425.62600686813806,85.85,1602699.9999999995,0.6757346976976354,45.0,3.9,29966.2,36159.0,36682.0,12.3
150,Удмуртская Республика,2022,403624.0,323929.0,"[np.float64(-33.395949671925905), np.float64(17.527898550725013), np.float64(7.510432760584976), np.float64(70.6694560099786), np.float64(-39.18936445197335), np.float64(-7.574346085967534), np.float64(-96.49390350710678), np.float64(-89.34018263451833), np.float64(-118.32900969384559)]",-80.94577639568497,-288.6149687240489,-20.054748081304623,-89.09821866027706,235.0,3.0,12.0,15.0,76.0,95.0,205.0,30.0,0.7432660099498544,582.2250411273859,3.7163300497492715,18.82940558539631,23.536756981745388,2.9730640397994175,50.78984401324005,7.432660099498543,313.9999999999999,77.79517570808473,67.71,1448900.0,0.6571882117468424,50.3,2.9,26231.8,25642.0,31941.0,10.2
151,Удмуртская Республика,2023,399916.0,322173.0,"[np.float64(-37.54788496440051), np.float64(23.402898550725467), np.float64(8.438326210207023), np.float64(84.07146188253023), np.float64(-38.363410502541115), np.float64(10.346944680744627), np.float64(-97.89783445478054), np.float64(-89.12060726157813), np.float64(-138.0534119476024)]",-47.54949859751481,-274.7235178066953,-11.889871522398407,-85.27204880815442,540.0,37.0,15.0,92.0,158.0,16.0,505.0,35.0,9.251942908010683,1350.283559547505,23.004831014513048,39.50829674231589,4.000840176437052,3.750787665409736,126.27651806879446,8.75183788595605,313.9999999999999,78.51648846257712,67.71,1448900.0,0.6571882117468424,50.3,2.9,26231.8,25642.0,31941.0,10.2
152,Ульяновская область,2022,335121.0,260618.0,"[np.float64(12.666666666666742), np.float64(10.60951945080069), np.float64(26.3858276348233), np.float64(86.12555061959216), np.float64(54.06422259348108), np.float64(-7.407500232423104), np.float64(118.06656073120757), np.float64(-104.96274652137527), np.float64(183.2547174242336)]",300.51084746414847,378.8028183670068,89.67234147193058,145.3479108760741,253.0,8.0,0.0,21.0,75.0,105.0,222.0,31.0,2.3871974600219024,754.9511967319266,6.266393332557494,22.379976187705335,31.33196666278747,0.0,66.2447295156078,9.250390157584873,688.5999999999999,205.4780213713852,77.49,1191700.0,0.7675589494000168,53.6,4.2,25288.4,24548.0,31008.0,12.8
153,Ульяновская область,2023,328919.0,257077.0,"[np.float64(13.440000000000055), np.float64(11.81220366132709), np.float64(28.954619519647736), np.float64(103.01299957134898), np.float64(69.1964202083609), np.float64(1.1300473979653702), np.float64(144.08536287211427), np.float64(-111.77471805330788), np.float64(194.31833206302406)]",371.6316532307644,454.1752672404806,112.98576647465316,176.6689619221014,348.0,59.0,5.0,57.0,60.0,93.0,309.0,39.0,17.937546934047592,1058.0112428895868,17.329494495605303,18.24157315326874,28.274438387566544,1.5201310961057282,93.944101739334,11.857022549624679,688.5999999999999,209.35245455568088,77.49,1191700.0,0.7675589494000168,53.6,4.2,25288.4,24548.0,31008.0,12.8
154,Хабаровский край,2022,391705.0,320527.0,"[np.float64(-8.988131313131277), np.float64(36.12135981665378), np.float64(12.767257757676589), np.float64(-39.34503541274199), np.float64(86.15941364605305), np.float64(52.646773103100486), np.float64(55.39840952896009), np.float64(71.16557010933161), np.float64(-106.16024709609201)]",194.76004712657073,159.76537013981033,49.721103158389795,49.84459035894334,165.0,6.0,0.0,17.0,6.0,106.0,152.0,13.0,1.5317649761938192,421.23536845330034,4.340000765882488,1.5317649761938192,27.06118124609081,0.0,38.80471273024342,3.3188241150866085,2062.2,526.4676223178157,92.86,1292800.0,0.8344678217821783,38.8,2.6,40196.9,42352.0,49523.0,10.5
155,Хабаровский край,2023,387256.0,316396.0,"[np.float64(-9.99005050505042), np.float64(36.74389228418639), np.float64(14.996576134202826), np.float64(-41.85138363126282), np.float64(106.402665093839), np.float64(70.90412527134896), np.float64(62.702130939600124), np.float64(75.81255800634051), np.float64(-128.1903885523834)]",239.90795558686406,187.5301250408212,61.950739455777075,59.27070033781122,219.0,27.0,9.0,44.0,60.0,21.0,206.0,13.0,6.97213212965067,565.5173838494433,11.361993100171462,15.493626954779266,5.422769434172744,2.32404404321689,53.19478587807548,3.3569525068688417,2062.2,532.5159584357634,92.86,1292800.0,0.8344678217821783,38.8,2.6,40196.9,42352.0,49523.0,10.5
156,Ханты-Мансийский АО,2022,534559.0,431322.0,"[np.float64(27.05606060606067), np.float64(23.21833036244618), np.float64(-18.64806521739132), np.float64(137.0456646287281), np.float64(132.6966721899987), np.float64(78.86877859009559), np.float64(132.61523809523482), np.float64(156.4392101158449), np.float64(88.53418455051406)]",512.8526792551727,757.8260739215316,95.93939663445433,175.69845125487026,94.0,0.0,13.0,11.0,23.0,40.0,80.0,14.0,0.0,175.84588417742478,2.0577709850549706,4.302612059660393,7.482803582018075,2.431911164155874,14.96560716403615,2.618981253706326,868.8,162.52649380143257,70.3,1713800.0,0.9207608822499708,39.5,2.0,49887.8,39700.0,63454.0,7.2
157,Ханты-Мансийский АО,2023,534950.0,431346.0,"[np.float64(31.56666666666706), np.float64(29.549138443254037), np.float64(-22.269260869565187), np.float64(157.50738263317078), np.float64(167.49963407897997), np.float64(83.04332310857825), np.float64(149.17999999999677), np.float64(175.34329381682738), np.float64(105.281586780829)]",596.0768840610817,876.701764658738,111.42665371737205,203.24791806548293,375.0,97.0,14.0,90.0,124.0,21.0,324.0,51.0,18.132535751004767,701.0000934666791,16.824002243200297,23.179736423964858,3.9256005234134035,2.6170670156089355,60.56640807552108,9.533601271146836,868.8,162.4077016543602,70.3,1713800.0,0.9207608822499708,39.5,2.0,49887.8,39700.0,63454.0,7.2
158,Челябинская область,2022,962328.0,775939.0,"[np.float64(24.96172114389526), np.float64(35.47693129883555), np.float64(-39.60257801681041), np.float64(-73.62119877826433), np.float64(96.2076653162145), np.float64(252.9877401980391), np.float64(153.01942158787074), np.float64(-133.73259897867683), np.float64(224.99187463875796)]",449.4297027497804,540.6889784098615,46.702340859850324,69.68189231497084,496.0,76.0,30.0,53.0,65.0,146.0,392.0,104.0,7.897515192325278,515.4167809728076,5.507477699911049,6.754453782909778,15.17154234315119,3.11744020749682,40.73455204462512,10.807126052655644,2541.7999999999997,264.13031731384723,86.34,3421600.0,0.8261631985036241,55.6,3.1,27417.9,27029.0,33071.0,11.3
159,Челябинская область,2023,954309.0,769660.0,"[np.float64(28.95302665993694), np.float64(40.30004865103837), np.float64(-29.748443502885834), np.float64(-74.86629984867261), np.float64(145.23026587935215), np.float64(266.76707650711444), np.float64(196.56019383889748), np.float64(-151.99027935739218), np.float64(275.4343607726946)]",573.1958681847809,696.6399496000834,60.063969656031844,90.51268736845924,937.0,124.0,63.0,164.0,338.0,73.0,745.0,192.0,12.993694914330682,981.8622689296654,17.18520940282445,35.418297427772345,7.6495139415011275,6.601635319377686,78.06695734819644,20.11926954477009,2541.7999999999997,266.3497881713365,86.34,3421600.0,0.8261631985036241,55.6,3.1,27417.9,27029.0,33071.0,11.3
160,Чеченская Республика,2022,455527.0,393611.0,"[np.float64(-10.158585858585866), np.float64(27.549999999999272), np.float64(40.9360269360277), np.float64(64.69523528834043), np.float64(59.167937407522004), np.float64(-8.550053667262773), np.float64(52.910225535375275), np.float64(9.58966486498474), np.float64(-34.891553286216606)]",226.55078564141604,201.24889722018418,49.73377772149973,51.12888034637858,168.0,1.0,1.0,71.0,0.0,74.0,6.0,162.0,0.21952595565136643,368.8036054942956,15.586342851247018,0.0,16.244920718201115,0.21952595565136643,1.3171557339081987,35.56320481552137,-885.5999999999999,-194.4121863248501,1.21,1514600.0,0.3814868612174831,66.6,11.0,24021.8,22124.0,30341.0,19.4
161,Чеченская Республика,2023,461576.0,399639.0,"[np.float64(-12.646464646464665), np.float64(33.15982142856956), np.float64(52.837373737375174), np.float64(82.0750171922582), np.float64(67.25612524079725), np.float64(0.4118067978511135), np.float64(59.390178550688915), np.float64(13.442339886831519), np.float64(-35.279190930499226)]",282.48385830107554,260.64700725740784,61.19985837675173,65.22061341796166,8.0,0.0,0.0,0.0,6.0,2.0,1.0,7.0,0.0,17.33192367020816,0.0,1.2998942752656117,0.43329809175520395,0.0,0.21664904587760198,1.5165433211432138,-885.5999999999999,-191.86439502920427,1.21,1514600.0,0.3814868612174831,66.6,11.0,24021.8,22124.0,30341.0,19.4
162,Чувашская Республика,2022,334430.0,258219.0,"[np.float64(-20.846251526250853), np.float64(10.67316017316), np.float64(-0.4235558816330922), np.float64(24.171179573219206), np.float64(-129.63612773237355), np.float64(3.59375141350597), np.float64(93.34477215944253), np.float64(106.64643845032225), np.float64(113.01950609813593)]",-19.123071820929795,200.5428727275284,-5.718108967774959,77.66387164675272,225.0,14.0,0.0,15.0,58.0,106.0,208.0,17.0,4.18622731214305,672.7865323087044,4.4852435487246956,17.342941721735492,31.695721077654518,0.0,62.19537720898244,5.083276021887988,185.60000000000002,55.497413509553574,30.7,1183900.0,0.6403412450375876,57.6,3.2,22320.9,21891.0,27213.0,14.8
163,Чувашская Республика,2023,328223.0,253848.0,"[np.float64(-18.805909645909196), np.float64(9.883982683982708), np.float64(3.9237662020054813), np.float64(29.32822233618765), np.float64(-151.8460581779832), np.float64(9.296253046239372), np.float64(111.32011200952974), np.float64(113.6445817222554), np.float64(109.6451081841576)]",-6.899631545947443,216.39005836046556,-2.102117019815017,85.24394848904288,237.0,44.0,12.0,70.0,28.0,30.0,228.0,9.0,13.40552002754225,722.0700560289803,21.326963680180853,8.530785472072342,9.14012729150608,3.656050916602432,69.46496741544621,2.742038187451824,185.60000000000002,56.546920843450955,30.7,1183900.0,0.6403412450375876,57.6,3.2,22320.9,21891.0,27213.0,14.8
164,Чукотский АО,2022,16398.0,13069.0,"[np.float64(-1.8000000000000682), np.float64(7.0), np.float64(4.075714285714412), np.float64(-27.04272727272712), np.float64(42.96111111111077), np.float64(-22.080952380952567), np.float64(-16.466666666666697), np.float64(15.267494785915972), np.float64(-2.616641711229967)]",-13.353520923521273,-0.7026678488352687,-81.43383902623047,-5.376599960481052,,,,,,,,,,,,,,,,,69.4,423.22234418831573,54.21,47900.0,0.6889352818371608,37.5,1.9,82049.7,39428.0,114456.0,6.6
165,Чукотский АО,2023,16096.0,12838.0,"[np.float64(-2.1000000000000227), np.float64(7.0), np.float64(5.411428571428701), np.float64(-30.45805194805132), np.float64(53.022222222221444), np.float64(-25.653571428571695), np.float64(-18.279999999999745), np.float64(16.80193841246478), np.float64(-2.614074866310183)]",-11.057972582972639,3.129890963181957,-68.70012787632106,24.37989533558153,55.0,19.0,0.0,21.0,11.0,4.0,46.0,9.0,118.0417495029821,3416.998011928429,130.46719681908547,68.3399602385686,24.850894632206757,0.0,285.78528827037775,55.91451292246521,69.4,431.16302186878727,54.21,47900.0,0.6889352818371608,37.5,1.9,82049.7,39428.0,114456.0,6.6
166,Ямало-Hенецкий АО,2022,167641.0,134869.0,"[np.float64(-6.85396825396856), np.float64(15.526785714285666), np.float64(-83.81196581196491), np.float64(-13.352709677419242), np.float64(28.25030254298406), np.float64(75.33550993808967), np.float64(-123.32571291315821), np.float64(-72.92324261636969), np.float64(-60.837307363849845)]",-108.23175846115153,-241.99230844137105,-64.56162780056879,-179.4276731060296,36.0,0.0,0.0,8.0,0.0,7.0,31.0,5.0,0.0,214.74460305056638,4.772102290012587,0.0,4.175589503761013,0.0,18.491896373798774,2.9825639312578667,386.2,230.3732380503576,62.89,511200.0,0.8468309859154929,28.1,1.7,76957.8,47006.0,116639.0,4.5
167,Ямало-Hенецкий АО,2023,165779.0,133165.0,"[np.float64(-8.231746031746297), np.float64(17.44940476190459), np.float64(-90.9025641025637), np.float64(-14.112387096774327), np.float64(34.72878463000404), np.float64(84.31604338313991), np.float64(-141.99622015766897), np.float64(-78.91326957865294), np.float64(-65.8457015930835)]",-118.74868461370475,-263.5076557854412,-71.63071596143345,-197.88056605372375,146.0,6.0,4.0,22.0,68.0,30.0,106.0,40.0,3.6192762653894643,880.6905579114363,13.270679639761369,41.018464341080595,18.096381326947323,2.412850843592976,63.94054735521387,24.12850843592976,386.2,232.96074894890182,62.89,511200.0,0.8468309859154929,28.1,1.7,76957.8,47006.0,116639.0,4.5
168,Ярославская область,2022,335297.0,265549.0,"[np.float64(-4.988888888888965), np.float64(64.59944055944288), np.float64(-12.903220338983203), np.float64(136.60594882729288), np.float64(84.44865069358752), np.float64(-22.65506219606516), np.float64(194.26017710575104), np.float64(52.80133590614918), np.float64(102.93475581489815)]",439.36704576213697,595.1031374831844,131.03816788165028,224.10294803715485,71.0,0.0,0.0,14.0,36.0,21.0,68.0,3.0,0.0,211.75256563583926,4.175402702678521,10.736749806887625,6.263104054017782,0.0,20.28052741300996,0.8947291505739688,779.9999999999999,232.62957914923183,96.52,1205600.0,0.8107166556071665,40.5,5.0,30524.1,30810.0,38060.0,8.8
169,Ярославская область,2023,331500.0,262200.0,"[np.float64(-4.738888888888923), np.float64(78.35286713287132), np.float64(-8.07900726392262), np.float64(159.15008528784438), np.float64(98.32245487822729), np.float64(-19.521851511401564), np.float64(217.45889245587784), np.float64(71.9030996871316), np.float64(120.7088402971533)]",520.9445520906077,713.5564920748925,157.14767785538692,272.1420641017897,194.0,59.0,8.0,44.0,46.0,10.0,190.0,4.0,17.79788838612368,585.2187028657617,13.273001508295627,13.8763197586727,3.0165912518853695,2.4132730015082955,57.315233785822016,1.2066365007541477,779.9999999999999,235.2941176470588,96.52,1205600.0,0.8107166556071665,40.5,5.0,30524.1,30810.0,38060.0,8.8
